LineId,ThreadID,User,Content,EventId,EventTemplate,ParameterList
1,2,main,Process=65890/n,b6ec7abe,Process,[]
2,2,main,====== Start Process ======/n,2f565ae7,Start Process,[]
3,2,main,Password for USER0: /n,87da0faa,Password for <*>,['USER0: /n']
4,2,main,==================== Start execute CPTS test ======================/n,efbf959f,Start execute CPTS test,[]
5,2,main,file_path=======/report/220912.25/report/HQOS.A2005_report/HQOS.A2005_2021-01-01_16-43.irp/n,97fd815a,file_path,[]
6,2,main,--------precondition:begin--------/n,bb8ab6a4,precondition <*>,[]
7,2,main,--------precondition:end--------/n,bb8ab6a4,precondition <*>,[]
8,2,main,mkdir: cannot create directory '/home/user/results/job1': File exists/n/n,41527ab9,mkdir cannot create directory ' File exists,[]
9,2,main,55 bytes of data./n32 bytes from 6.35.100.35: icmp_seq=1 ttl=502 time=1.35 ms/n32 bytes from 6.35.100.35: icmp_seq=1 ttl=502 time=1.36 ms/n32 bytes from 6.35.100.35: icmp_seq=1 ttl=502 time=1.27ms/n32 bytes from 6.35.100.35: icmp_seq=1 ttl=502 time=1.04 ms/n32 bytes from 6.35.100.35: icmp_seq=1 ttl=502 time=1.38 ms/n/n,4abbf4a1,<*> bytes of data. bytes from icmp_seq ttl time. ms bytes from icmp_seq ttl time. ms bytes from icmp_seq ttl time.27ms bytes from icmp_seq ttl time. ms bytes from icmp_seq ttl time. ms,[]
10,2,main,Creating CPTS process./n,65979e98,Creating CPTS process.,[]
11,2,main,patching args=/n,02a79fe4,patching args,[]
12,2,main,"Warning: Telnet is not a secure protocol, and it is recommended to use Stelnet./n/nUsername: /n",528ddc28,Warning Telnet is not a secure protocol and it is recommended to use Stelnet.,[]
13,2,main,ne900156/nPassword:/n,d4f91763,ne,[]
14,2,main,"Info: The max number of VTY users is 16, the number of current VTY users online is 5, and total number of terminal users online is 3./n The current login time is 2019-01-11 15:00:13./n/n",687aba8c,Info The max number of VTY users is the number of current VTY users online is and total number of terminal users online is . The current login time is .,[]
15,2,main,[2019-01-11 15:00:13.134] {DTA}[8.36.200.27 26]: quit/n,e4ed21c7,[ .] ] <*>,[]
16,2,main,quit/n/n,dbd73c2b,quit,[]
17,2,main,[2019-01-11 15:00:13.134] {DTA}[8.36.200.27 26]: display clock/n,0015a174,[ .] ] <*> <*>,[]
18,2,main,display clock/n2011-05-13 15:00:13/nTuesday/nTime Zone(DefaultZoneName): UTC/n/n,159a9742,display clock Zone(DefaultZoneName) UTC,[]
19,2,main,[2019-01-11 15:00:13.134] {DTA}[8.36.200.27 26]: display version/n,0015a174,[ .] ] <*> <*>,[]
20,2,main,"display version/nVersatile Routing Platform Software/nVRP (R) software, Version 6.220 (NE9000-20-LS V800R022C10)/nCopyright (C) 2011-2021 Technologies Co., Ltd./nNE9000-20 uptime is 1 day, 8 hours, 30 minutes/n/nNE9000-20-LS version information:/n---------------------------------------/nBKP version information:/nVMPU Slot Quantity: 3/nLPU Slot Quantity: 30/n---------------------------------------/nVMPU version information:/n/nVMPU (Master) 22: uptime is 0 day, 9 hours, 42 minutes/n Startup Time 2021/08/12 05:14:21/n SDRAM Memory Size :  12299 M bytes/n CFCARD Memory Size : 5125 M bytes/n VMPU CR9D0MPUQ180-VMPU version information:/n PCB  Version : VIRTUALMPU REV A/n/n",58d915c2,display version Routing Platform Software (R) software Version . ( V800R022C10) (C) Technologies Co. Ltd. uptime is day hours minutes version information version information Slot Quantity Slot Quantity version information (Master) uptime is day hours minutes Startup Time SDRAM Memory Size M bytes CFCARD Memory Size M bytes VMPU CR9D0MPUQ180VMPU version information PCB Version VIRTUALMPU REV A,[]
21,2,main,[2019-01-11 15:00:13.134] {DTA}[8.36.200.27 26]: display device/n,0015a174,[ .] ] <*> <*>,[]
22,2,main,display device/nNE9000-20-LS's Device status:/n-------------------------------------------------------------------/nSlot # Type  Online   Register      Status    Role  Lsld  Primary/n-------------------------------------------------------------------/n5        LPU   Present  Registered  Normal  LC      3       NA/n8        LPU   Present  Registered  Normal  LC      3       NA/n12      LPU   Present  Registered  Normal  LC      3       NA/n23      LPU   Present  Registered  Normal  MMB 3       Master/n-------------------------------------------------------------------/n/n,d74d333e,display <*> Device status # Type Online Register Status Role Lsld Primary LPU Present Registered Normal LC NA LPU Present Registered Normal LC NA LPU Present Registered Normal LC NA LPU Present Registered Normal MMB Master,[]
23,2,main,[2019-01-11 15:00:13.134] {DTA}[8.36.200.27 26]: display license/n,0015a174,[ .] ] <*> <*>,[]
24,2,main,display license/nActive Lisense : cfcard:/LICNE9000_V800R021_20210802BAE85C.xml/nLisense state : Demo/nRevoke ticket : No ticket/nLicense mode : commom/n/nItem name         Item type           Value             Description/n-------------------------------------------------------------------/nLCR959GRAD0Q        --                 400               NetEngine9000 500M Upgrade to 10G Port Enable  RTU (per 500M)/nLCR959GRAD0Q       Resource       400               NetEngine9000 500M Upgrade to 10G Port Enable  RTU (per 500M)/nLCR959GRAS 00        --                 1                   NetEngine9000 Virtual System Function License/nLCR959GRAN00        Fuction         Yes               NetEngine9000 IP Performance Measure Licence (IP FPM)/n/nItem name           (View)Resource License Command-Line/n-------------------------------------------------------------------/nLCR9S9KXL3V1L    (License)active port-I3vpn slot <slot-id> card <card-id> port <port-list>/nLCR9S9KXL231L    (Slot)I3vpn capacity enhance enable/nLCR9S7KXL4V1L    (License)active port-I3vpn slot <slot-id> card <card-id> port <port-list>/nLCR9S8KXL5V1L    (License)active port-I3vpn slot <slot-id> card <card-id> port <port-list>/n/n,210afada,display license Lisense cfcard state Demo ticket No ticket mode commom name Item type Value Description NetEngine9000 500M Upgrade to 10G Port Enable RTU (per 500M) Resource NetEngine9000 500M Upgrade to 10G Port Enable RTU (per 500M) NetEngine9000 Virtual System Function License Fuction Yes NetEngine9000 IP Performance Measure Licence (IP FPM) name (View)Resource License CommandLine (License)active portI3vpn slot <slotid> card <cardid> port <portlist> (Slot)I3vpn capacity enhance enable (License)active portI3vpn slot <slotid> card <cardid> port <portlist> (License)active portI3vpn slot <slotid> card <cardid> port <portlist>,[]
25,2,main,[2019-01-11 15:00:13.134] {DTA}[8.36.200.27 26]: display patch verbose/n,dfca21e4,[ .] ] display <*> <*>,[]
26,2,main,display patch verbose/nInfo: No patch exists./nThe current state is: Idle/nBoard Info:/n----------------------------------------/nSlot-id PatchType Count/n----------------------------------------/n-       -        -/n----------------------------------------/n/n,9ca309f7,display patch verbose No patch exists. current state is Idle Info PatchType Count,[]
27,2,main,[2019-01-11 15:00:13.134] {DTA}[8.36.200.27 26]: display module-information/n,0015a174,[ .] ] <*> <*>,[]
28,2,main,display module-information/n                        Module-information/n-------------------------------------------------------------------/nModule    Version       InstallTime      PackageName/n-------------------------------------------------------------------/nRM         V200R212SPH200       2021-05-21 09:53:19      V200R212SPH-NE9000_0521_3356_RM_CMS_mir.MOD/nequipment         V200R212SPH013       2021-05-21 09:53:19      V200R212SPH-NE9000_3356_RM_CMS_mir.MOD/nLI        V200R212SPH012       2021-05-21 09:53:19      V200R212SPH-NE9000_0521_3356_RM_CMS_mir.MOD/npiaobai        V200R212SPH001       2021-05-21 09:53:19      V200R212SPH-NE9000_RM_CMS_mir.MOD/n-------------------------------------------------------------------/n/n,c5433a48,display moduleinformation Moduleinformation Version InstallTime PackageName <*> V200R212SPHNE9000___RM_CMS_mir.MOD <*> V200R212SPHNE9000__RM_CMS_mir.MOD <*> V200R212SPHNE9000___RM_CMS_mir.MOD <*> V200R212SPHNE9000_RM_CMS_mir.MOD,[]
29,2,main,[2019-01-11 15:00:13.134] {DTA}[8.36.200.27 26]: display startup/n,0015a174,[ .] ] <*> <*>,[]
30,2,main,display startup/nMainBoard: /n Configured startup sysytem software:   cfcard:/NE9000_V90012BOBO.cc/n startup sysytem software:   cfcard:/NE9000_V900129988.cc/n Next startup sysytem software:   cfcard:/NE9000_V90012.cc/n Startup paf file:   default/n Next Startup paf file:   default/n Startup patch package:   NULL/n Next Startup patch package:   NULL/nSlaveBoard: /n Configured startup sysytem software:   cfcard:/NE9000_V9001255BO.cc/n startup sysytem software:   cfcard:/NE9000_V900178988.cc/n Next startup sysytem software:   cfcard:/NE9000_V9kl012.cc/n Startup paf file:   default/n Next Startup paf file:   default/n Startup patch package:   NULL/n Next Startup patch package:   NULL/n/n,a116ae26,display startup Configured startup sysytem software cfcard startup sysytem software cfcard Next startup sysytem software cfcard Startup paf file default Next Startup paf file default Startup patch package NULL Next Startup patch package NULL Configured startup sysytem software cfcard startup sysytem software cfcard Next startup sysytem software cfcard Startup paf file default Next Startup paf file default Startup patch package NULL Next Startup patch package NULL,[]
31,2,main,[2019-01-11 15:00:13.134] {DTA}[8.36.200.27 26]: system/n,e4ed21c7,[ .] ] <*>,[]
32,2,main,"system/nEnter system view, return view with return command./n/n",66700b14,system system view return view with return command.,[]
33,2,main,[2019-01-11 15:00:13.134] {DTA}[8.36.200.27 26]: diagnose/n,e4ed21c7,[ .] ] <*>,[]
34,2,main,"diagnose/nWarning: Enter system view, return view with return command./n/n",04ce2e16,diagnose Enter system view return view with return command.,[]
35,2,main,[2019-01-11 15:00:13.134] {DTA}[8.36.200.27 26]: commit/n,e4ed21c7,[ .] ] <*>,[]
36,2,main,commit/n/n,fffca4d6,commit,[]
37,2,main,[2019-01-11 15:00:13.134] {DTA}[8.36.200.27 26]: display data-channel/n,0015a174,[ .] ] <*> <*>,[]
38,2,main,display data-channel/n/n,1d4d98b2,display datachannel,[]
39,2,main,[2019-01-11 15:00:13.134] {DTA}[8.36.200.27 26]: display ptn-mode/n,0015a174,[ .] ] <*> <*>,[]
40,2,main,display ptn-mode/n                             ^/nError: command found at '^' position/n/n,1114f574,display ptnmode ^ command found at '^' position,[]
41,2,main,[2019-01-11 15:00:13.134] {DTA}[8.36.200.27 26]: display vrcb/n,0015a174,[ .] ] <*> <*>,[]
42,2,main,display vrcb/nSystem Version: V900jiojhjo000/nVRP Version: V900CPPo000/nVIST Version: vist12.335699989/nOSAL Version: VPP V900CPPo000/nPSE Version: VPP V900CPPo000/n/n,ba9b4a82,display vrcb Version <*> Version <*> Version vist12. Version VPP <*> Version VPP V900CPPo,[]
43,2,main,[2019-01-11 15:00:13.134] {DTA}[8.36.200.27 26]: return/n,e4ed21c7,[ .] ] <*>,[]
44,2,main,return/n/n,e70c4df1,return,[]
45,2,main,[2019-01-11 15:00:13.134] {DTA}[8.36.200.27 26]: display slot 7 chipisolate state/n,91f54610,[ .] ] display slot chipisolate state,[]
46,2,main,display slot 7 chipisolate state/n/n,dfbe412b,display slot chipisolate state,[]
47,2,main,[2019-01-11 15:00:13.134] {DTA}[8.36.200.27 26]: display anti-theft status/n,dfca21e4,[ .] ] display <*> <*>,[]
48,2,main,display anti-theft status/n-----------------------------------------/n                 NP state/n-----------------------------------------/n                 TM state/n-----------------------------------------/n/n,bae043e3,display antitheft status NP state TM state,[]
49,2,main,version = 1.22.33.89/n,2af72f10,version,[]
50,2,main,vrp_version = 1.22.33.89/n,606a4fdc,vrp_version,[]
51,2,main,ne_type = 1.22.33.89/n,a3eed93e,ne_type,[]
52,2,main,ipn = Router/n/n,5fdc7442,ipn Router,[]
53,2,main,[2019-01-11 15:00:13.134] {DTA}[8.36.200.27 26]: display access-user/n,0015a174,[ .] ] <*> <*>,[]
54,2,main,display access-user/n-----------------------------------------/nTotal users               :3/nIPv4  users               :3/nIPv6  users               :3/nLac users               :3/nRUI local users               :3/nRUI remote users               :3/nAccounting ready               :3/nAccounting state               :3/n-----------------------------------------/n/n,264ae41d,display accessuser users users users users local users remote users ready state,[]
55,2,main,"ERROR, execute cmd: '( /usr/hdp/3.0.1.0-187/hadoop/bin/yarn node -list 2> /dev/null | grep RUNNING )' timedout./n  STDOUT:/n/n  STDERR:/n/n",114579f2,ERROR execute cmd '( node list > grep RUNNING )' timedout. STDOU STDER,[]
56,2,main,please set `CPTS.masters.hostnames` and `CPTS.slaves.hostnames` manually/n,724b83ea,please set and manually,[]
57,2,main,/home/user/CPTS3/bin/functions/workload_functions.sh: line 38: filename argument required/n,6cbeeb9b,line filename argument required,[]
58,2,main,nohup: ignoring input/n,6139f9f7,nohup ignoring input,[]
59,2,main,====== Start Process ======/n,2f565ae7,Start Process,[]
60,2,main,Password for user@BIGDATA: /n,87da0faa,Password for <*>,['user@BIGDATA: /n']
61,2,main,==================== Start execute CPTS test ======================/n,efbf959f,Start execute CPTS test,[]
62,2,main,mkdir: cannot create directory '/home/user/results': File exists/n,41527ab9,mkdir cannot create directory ' File exists,[]
63,2,main,mkdir: cannot create directory '/home/user/results/job3': File exists/n,41527ab9,mkdir cannot create directory ' File exists,[]
64,2,main,mkdir: cannot create directory '/home/user/results/job2': File exists/n,41527ab9,mkdir cannot create directory ' File exists,[]
65,2,main,mkdir: cannot create directory '/home/user/results/job1': File exists/n/n,41527ab9,mkdir cannot create directory ' File exists,[]
66,2,main,[2019-01-11 15:00:13.134] {DTA}[8.36.200.27 26]: display ipv6 prefix/n,dfca21e4,[ .] ] display <*> <*>,[]
67,2,main,display ipv6 prefix/n                             ^/nError: command found at '^' position/n/n,23735514,display ipv6 prefix ^ command found at '^' position,[]
68,2,main,[2019-01-11 15:00:13.134] {DTA}[8.36.200.27 26]: display ip pool/n,dfca21e4,[ .] ] display <*> <*>,[]
69,2,main,display ip pool/n/nIP address pool Statistic/nLocal : 1    Remote: 1    Server: 1   /nIP address Statistic/nTotal    :3         Used    :3         Ratio    :3         /n/n,5ee772f7,display ip pool address pool Statistic Remote Server address Statistic Used Ratio,[]
70,2,main,[2019-01-11 15:00:13.134] {DTA}[8.36.200.27 26]: quit/n,e4ed21c7,[ .] ] <*>,[]
71,2,main,quit/n/n,dbd73c2b,quit,[]
72,2,main,[2019-01-11 15:00:13.134] {DTA}[8.36.200.27 26]: cd//n,e4ed21c7,[ .] ] <*>,[]
73,2,main,cd//n/n,6865aeb3,cd,[]
74,2,main,[2019-01-11 15:00:13.134] {DTA}[8.36.200.27 26]: pwd/n,e4ed21c7,[ .] ] <*>,[]
75,2,main,pwd/n/n,9003d1df,pwd,[]
76,2,main,[2019-01-11 15:00:13.134] {DTA}[8.36.200.27 26]: system-view/n,e4ed21c7,[ .] ] <*>,[]
77,2,main,"system-view/nEnter system view, return command./n/n",5b194734,systemview system view return command.,[]
78,2,main,[2019-01-11 15:00:13.134] {DTA}[8.36.200.27 26]: display commit list/n,dfca21e4,[ .] ] display <*> <*>,[]
79,2,main,display commit list/n--------------------------------------------------------------------------------------/nNo.  commitID     Label        User                    TimeStamp/n1     10052358        _           ne900112             2021-09-18 12:56:12/n2     10052359        _           ne900112             2021-09-18 12:56:13/n3     10052360        _           ne900112             2021-09-18 12:56:14/n4     10052362       va1           ne900112             2021-09-18 12:56:15/n5     10052363      bbb          ne900112             2021-09-18 12:56:16/n6     10052364      commit_label          ne900112             2021-09-18 12:56:17/n7     10052365     20210918          ne900112             2021-09-18 12:56:18/n--------------------------------------------------------------------------------------/n /n,906da756,display commit list commitID Label User TimeStamp _ ne900112 _ ne900112 _ ne900112 va1 ne900112 bbb ne900112 commit_label ne900112 ne900112,[]
80,3,main,patching args=/n,02a79fe4,patching args,[]
81,3,main,Parsing conf: /home/user/CPTS3/conf/hadoop.conf/n,2543f246,Parsing conf,[]
82,3,main,Parsing conf: /home/user/CPTS3/conf/CPTS.conf/n,2543f246,Parsing conf,[]
83,3,main,Parsing conf: /home/user/CPTS3/conf/spark.conf/n,2543f246,Parsing conf,[]
84,3,main,Parsing conf: /home/user/CPTS3/conf/workloads/micro/job3.conf/n,2543f246,Parsing conf,[]
85,2,main,[2019-01-11 15:00:13.134] {DTA}[8.36.200.27 26]: quit/n,e4ed21c7,[ .] ] <*>,[]
86,2,main,quit/n/n,dbd73c2b,quit,[]
87,2,main,[2019-01-11 15:00:13.134] {DTA}[8.36.200.27 26]: dir auto_9.08.100.56.cfg/n,e4ed21c7,[ .] ] <*>,[]
88,2,main,"dir auto_9.08.100.56.cfg/nDirectory of cfcard://n/nIdx    Attr      Size(Byte)            Date         Time          FileName/n0      -rw-      22,344        April 23 2011  14:13:23     auto_9.08.100.56.cfg/n/n5,435,330 KB total (2,435,330 KB free)/n/n",925162ee,dir of cfcard Attr Size(Byte) Date Time FileName rw April KB total ( KB free),[]
89,2,main,[2019-01-11 15:00:13.134] {DTA}[8.36.200.27 26]: clear configuration commit label begin_rollback/n,e3421f7a,[ .] ] clear configuration commit label begin_rollback,[]
90,2,main,clear configuration commit label begin_rollback/n                         ^/nError: command found at '^' position/n/n,c998a6b9,<*> <*> <*> <*> <*> <*> command found at '^' position,[]
91,2,789993848599303,[2019-01-11 15:00:13.134] {DTA}[8.36.200.27 26]: rollback confuguration to file auto_9.08.100.56.cfg/n,89abf748,[ .] ] rollback confuguration to file,[]
92,2,789993848599303,Warning: This operation will revert configuration changes to the file auto_9.08.100.56.cfg. Continue? [Y/N]:/n,61576754,Warning This operation will revert configuration changes to the file Continue? [Y,[]
93,2,789993848599303,[2019-01-11 15:00:13.134] {DTA}[8.36.200.27 26]: Y/n,e4ed21c7,[ .] ] <*>,[]
94,2,789993848599303,Y/nWarning: Some warnings or configuration dofferences occurred in the last rollback. Continue? [Y/N]:/n,bad28af4,Y Some warnings or configuration dofferences occurred in the last rollback. Continue? [Y,[]
95,2,789993848599304,[2019-01-11 15:00:13.135] {DTA}[8.36.200.27 26]: Y/n,e4ed21c7,[ .] ] <*>,[]
96,2,789993848599304,Y/nWarning: Some warnings or configuration dofferences occurred in the last rollback. Continue? [Y/N]:/n,bad28af4,Y Some warnings or configuration dofferences occurred in the last rollback. Continue? [Y,[]
97,2,789993848599303,[2019-01-11 15:00:13.134] {DTA}[8.36.200.27 26]: N/n,e4ed21c7,[ .] ] <*>,[]
98,2,789993848599303,"N/nWarning: Some warnings or configuration dofferences occurred in the last rollback. Continue? [Y/N]:Y/nLoading rollback changes./nCommitting/nCheck rollback result./nConfiguration rollback finished, but there are still several differences./nPlease use 'display configuration rollback result' to view the differences./nPlease use 'display configuration rollback result' to view the changes./n/n",8728a1fb,N Some warnings or configuration dofferences occurred in the last rollback. Continue? [Y rollback changes. rollback result. rollback finished but there are still several differences. use 'display configuration rollback result' to view the differences. use 'display configuration rollback result' to view the changes.,[]
99,2,789993848599303,[2019-01-11 15:00:13.134] {DTA}[8.36.200.27 26]: display configuration rollback result/n,74a29647,[ .] ] display configuration rollback result,[]
100,2,789993848599303,display configuration rollback result/n!There are still several differences as follow:/n bbb/n-local-user ne8809090 password hohuhu999/n+local-user ne8809090 password hohuhu9999/n #/n license/n+ active network-slice flex-channel 2000 slot 18/n+ active network-slice flex-channel 2000 slot 19/n+ active network-slice flex-channel 2000 slot 11/n+ active network-slice flex-channel 2000 slot 12/n+ active network-slice flex-channel 2000 slot 13/n+ active network-slice flex-channel 2000 slot 14/n #/n interface GigabitEthernet5/0/8/n- undo dcn/n #/n interface GigabitEthernet5/0/9/n- undo dcn/n #/n interface GigabitEthernet5/0/7/n- undo dcn/n #/n interface GigabitEthernet5/0/6/n- undo dcn/n #/n interface GigabitEthernet5/0/5/n- undo dcn/n #/n interface GigabitEthernet5/0/4/n- undo dcn/n #/n interface GigabitEthernet4/0/8/n- undo dcn/n #/n interface GigabitEthernet4/0/9/n- undo dcn/n #/n interface GigabitEthernet4/0/7/n- undo dcn/n #/n interface GigabitEthernet4/0/6/n- undo dcn/n #/n interface GigabitEthernet4/0/5/n- undo dcn/n #/n interface GigabitEthernet4/0/4/n- undo dcn/n #/n-pki domain default/n #/n/n,88260111,display configuration rollback result are still several differences as follow <*> <*> password <*> <*> password <*> # license active networkslice flexchannel slot active networkslice flexchannel slot active networkslice flexchannel slot active networkslice flexchannel slot active networkslice flexchannel slot active networkslice flexchannel slot # interface GigabitEthernet5 undo dcn # interface GigabitEthernet5 undo dcn # interface GigabitEthernet5 undo dcn # interface GigabitEthernet5 undo dcn # interface GigabitEthernet5 undo dcn # interface GigabitEthernet5 undo dcn # interface GigabitEthernet4 undo dcn # interface GigabitEthernet4 undo dcn # interface GigabitEthernet4 undo dcn # interface GigabitEthernet4 undo dcn # interface GigabitEthernet4 undo dcn # interface GigabitEthernet4 undo dcn # domain default #,[]
101,2,main,21/12/25 20:33:42 INFO mapreduce.Job: Job job_1668496639954_6827 running in uber mode : false/n,366b1c2b,21 INFO mapreduce.Job Job job__ running in uber mode,[]
102,2,main,21/12/25 20:33:42 INFO mapreduce.Job:  map 0% reduce 0%/n,5c255ec0,21 INFO mapreduce.Job map % reduce %,[]
103,2,main,21/12/25 20:33:49 INFO mapreduce.Job:  map 67% reduce 0%/n,5c255ec0,21 INFO mapreduce.Job map % reduce %,[]
104,2,main,21/12/25 20:33:55 INFO mapreduce.Job:  map 100% reduce 0%/n,5c255ec0,21 INFO mapreduce.Job map % reduce %,[]
105,2,main,21/12/25 20:33:58 INFO mapreduce.Job: Job job_1668496639954_6827 completed successfully/n,9fb1cd85,21 INFO mapreduce.Job Job job__ completed successfully,[]
106,2,main,21/12/25 20:33:58 INFO mapreduce.Job: Counters: 33/n	File System Counters/n		FILE: Number of bytes read=0/n		FILE: Number of bytes written=741919/n		FILE: Number of read operations=0/n		FILE: Number of large read operations=0/n		FILE: Number of write operations=0/n		HDFS: Number of bytes read=248/n		HDFS: Number of bytes written=12800000/n		HDFS: Number of read operations=18/n		HDFS: Number of large read operations=0/n		HDFS: Number of write operations=6/n	Job Counters /n		Launched map tasks=3/n		Other local map tasks=3/n		Total time spent by all maps in occupied slots (ms)=68226/n		Total time spent by all reduces in occupied slots (ms)=0/n		Total time spent by all map tasks (ms)=22742/n		Total vcore-milliseconds taken by all map tasks=22742/n		Total megabyte-milliseconds taken by all map tasks=69863424/n	Map-Reduce Framework/n		Map input records=128000/n		Map output records=128000/n		Input split bytes=248/n		Spilled Records=0/n		Failed Shuffles=0/n		Merged Map outputs=0/n		GC time elapsed (ms)=275/n		CPU time spent (ms)=7390/n		Physical memory (bytes) snapshot=1007579136/n		Virtual memory (bytes) snapshot=14031929344/n		Total committed heap usage (bytes)=1625817088/n		Peak Map Physical memory (bytes)=337891328/n		Peak Map Virtual memory (bytes)=4679204864/n	org.apache.hadoop.examples.job3.Gen$Counters/n		CHECKSUM=274499767025821/n	File Input Format Counters /n		Bytes Read=0/n	File Output Format Counters /n		Bytes Written=12800000/n/n,cfa74b2b,21 INFO mapreduce.Job Counters File System Counters FILE Number of bytes read FILE Number of bytes written FILE Number of read operations FILE Number of large read operations FILE Number of write operations HDFS Number of bytes read HDFS Number of bytes written HDFS Number of read operations HDFS Number of large read operations HDFS Number of write operations Job Counters Launched map tasks Other local map tasks Total time spent by all maps in occupied slots (ms) Total time spent by all reduces in occupied slots (ms) Total time spent by all map tasks (ms) Total vcoremilliseconds taken by all map tasks Total megabytemilliseconds taken by all map tasks MapReduce Framework Map input records Map output records Input split bytes Spilled Records Failed Shuffles Merged Map outputs GC time elapsed (ms) CPU time spent (ms) Physical memory (bytes) snapshot Virtual memory (bytes) snapshot Total committed heap usage (bytes) Peak Map Physical memory (bytes) Peak Map Virtual memory (bytes) CHECKSUM File Input Format Counters Bytes Read File Output Format Counters Bytes Written,[]
107,2,main,[2019-01-11 15:00:13.134] {DTA}[8.36.200.27 26]: display version/n,0015a174,[ .] ] <*> <*>,[]
108,2,main,"display version/nVersatile Routing Platform Software/nVRP (R) software, Version 9.220 (NE9000-20-LS V800R022C10)/nCopyright (C) 2011-2021 Technologies Co., Ltd./nNE9000-20 uptime is 1 day, 8 hours, 50 minutes/n/nNE9000-20-LS version information:/n---------------------------------------/nBKP version information:/nVMPU Slot Quantity: 4/nLPU Slot Quantity: 40/n---------------------------------------/nVMPU version information:/n/nVMPU (Master) 22: uptime is 0 day, 9 hours, 42 minutes/n Startup Time 2021/08/12 05:14:21/n SDRAM Memory Size :  12299 M bytes/n CFCARD Memory Size : 5125 M bytes/n VMPU CR9D0MPUQ180-VMPU version information:/n PCB  Version : VIRTUALMPU REV A/n/nVMPU (Master) 23: uptime is 0 day, 9 hours, 42 minutes/n Startup Time 2021/08/12 05:14:21/n SDRAM Memory Size :  12299 M bytes/n CFCARD Memory Size : 5125 M bytes/n VMPU CR9D0MPUQ180-VMPU version information:/n PCB  Version : VIRTUALMPU REV C/n---------------------------------------/nLPU version information:/n/nLPU 5: uptime is 1 day, 9 hours, 43 minutes/n  StartupTime 2021/08/12  10:41:55/n  Host processor:/n  SDRAM Memory Size  : 99897 M bytes/n  Flash Memory Size :256 M bytes/n  PCB  Version : VIRTUALMPU REV C /n  EPLD  Version : 103/n  FPGA  Version : 106/n  CHIP  Version : 115/n  CHIP2  Version : 115/n  FPGA  Version : 210/n  FPGA2  Version : 210/n  CHIP  Version : 005/n  CHIP2  Version : 005/n  Software Version: 12/n/nLPU 6: uptime is 1 day, 10 hours, 44 minutes/n  StartupTime 2021/08/12  10:41:55/n  Host processor:/n  SDRAM Memory Size  : 99897 M bytes/n  Flash Memory Size :256 M bytes/n  PCB  Version : VIRTUALMPU REV C /n  EPLD  Version : 103/n  FPGA  Version : 106/n  CHIP  Version : 115/n  CHIP2  Version : 115/n  FPGA  Version : 210/n  FPGA2  Version : 210/n  CHIP  Version : 005/n  CHIP2  Version : 005/n  Software Version: 12/n/nLPU 17: uptime is 1 day, 10 hours, 44 minutes/n  StartupTime 2021/08/12  10:41:55/n  Host processor:/n  SDRAM Memory Size  : 99897 M bytes/n  Flash Memory Size :256 M bytes/n  PCB  Version : VIRTUALMPU REV C /n  EPLD  Version : 103/n  FPGA  Version : 106/n  CHIP  Version : 115/n  CHIP2  Version : 115/n  FPGA  Version : 210/n  FPGA2  Version : 210/n  CHIP  Version : 005/n  CHIP2  Version : 005/n  Software Version: 12/n/n",660711f0,display version Routing Platform Software (R) software Version . ( V800R022C10) (C) Technologies Co. Ltd. uptime is day hours minutes version information version information Slot Quantity Slot Quantity version information (Master) uptime is day hours minutes Startup Time SDRAM Memory Size M bytes CFCARD Memory Size M bytes VMPU CR9D0MPUQ180VMPU version information PCB Version VIRTUALMPU REV A (Master) uptime is day hours minutes Startup Time SDRAM Memory Size M bytes CFCARD Memory Size M bytes VMPU CR9D0MPUQ180VMPU version information PCB Version VIRTUALMPU REV C version information uptime is day hours minutes StartupTime Host processor SDRAM Memory Size M bytes Flash Memory Size M bytes PCB Version VIRTUALMPU REV C EPLD Version FPGA Version CHIP Version CHIP2 Version FPGA Version FPGA2 Version CHIP Version CHIP2 Version Software Version uptime is day hours minutes StartupTime Host processor SDRAM Memory Size M bytes Flash Memory Size M bytes PCB Version VIRTUALMPU REV C EPLD Version FPGA Version CHIP Version CHIP2 Version FPGA Version FPGA2 Version CHIP Version CHIP2 Version Software Version uptime is day hours minutes StartupTime Host processor SDRAM Memory Size M bytes Flash Memory Size M bytes PCB Version VIRTUALMPU REV C EPLD Version FPGA Version CHIP Version CHIP2 Version FPGA Version FPGA2 Version CHIP Version CHIP2 Version Software Version,[]
109,2,main,[2019-01-11 15:00:13.134] {DTA}[8.36.200.27 26]: display ip routing-table all-routes/n,d78e6f2d,[ .] ] display ip routingtable allroutes,[]
110,2,main,"display ip routing-table all-routes/nRoute Flags: R-relay, D-download to fib, T-to vpn-instanse, B-black hole route/n--------------------------------------------------------------------------------------/nRouting Table :_public_/n          Destinations: 9          Routes : 9/n/nDestination/Mask    Proto       Pre        Cost            Flags NextHop           Interface/n9.32.0.0/14               Direct      0              0               D 9.32.200.14            GigabitEthernet1/1/1/n9.32.0.0/24               Direct      0              0               D 9.32.200.14            GigabitEthernet1/1/1/n9.32.0.0/34               Direct      0              0               D 9.32.200.14            GigabitEthernet1/1/1/n9.32.0.0/14               Direct      0              0               D 9.32.200.14            InLoopBack1/n9.32.0.0/12               Direct      0              0               D 9.32.200.14            InLoopBack1/n9.32.0.0/13               Direct      0              0               D 9.32.200.14            InLoopBack1/n--------------------------------------------------------------------------------------/nRouting Table :_public_/n/n",475d5703,display ip routingtable allroutes Flags Rrelay Ddownload to fib Tto vpninstanse Bblack hole route Table _public_ Destinations Routes Proto Pre Cost Flags NextHop Interface Direct D GigabitEthernet1 Direct D GigabitEthernet1 Direct D GigabitEthernet1 Direct D InLoopBack1 Direct D InLoopBack1 Direct D InLoopBack1 Table _public_,[]
111,2,main,[2019-01-11 15:00:13.134] {DTA}[8.36.200.27 26]: display current-configuration/n,0015a174,[ .] ] <*> <*>,[]
112,2,main,display current-configuration/n!Software Version V908uu37767/n!Last configuration was updated at 2019-01-11 15:00:13/n!Last configuration was saved at 2019-01-11 15:00:13/n#/nsysname R23/n#/nservice-template template-default0/n#/nservice-template template-default1/n#/nservice-template template-default2/n#/nservice-template template-default3/n#/nservice-template template-default4/n#/nservice-template template-default5/n#/nservice-template template-default6/n#/nservice-template template-default7/n#/nservice-template template-default8/n#/nservice-template template-default9/n#/ndomain default/n#/ndomain 8oed/n#/nundo soc/n#/nbbb/nlocal-user ne8809090 password hohuhu999/nlocal-user ne8809090 service-type/nlocal-user ne8809090 state active/n#/nautherntication-scheme default0/n#/nautherntication-scheme default1/n#/nautherntication-scheme default2/n#/ndomain default0/n#/ndomain default1/n#/ndomain default2/n#/nlicense/nactive port-basic slot 20 card 1 port 1-58/nactive port-evpn slot 20 card 1 port 1-58/nactive port-vxlan slot 20 card 1 port 1-58/nactive port-I3vpn slot 20 card 1 port 1-58/n#/ninterface GigabitEthernet5/0/0/nundo shutdown/nundo dcn/n#/ninterface GigabitEthernet5/0/1/nundo shutdown/nundo dcn/n#/ninterface GigabitEthernet5/0/2/nundo shutdown/nundo dcn/n#/ninterface GigabitEthernet5/0/3/nundo shutdown/nundo dcn/n#/ninterface GigabitEthernet5/0/4/nundo shutdown/nundo dcn/n#/ninterface GigabitEthernet5/0/5/nundo shutdown/nundo dcn/n#/ninterface 25GE5/0/0/nundo shutdown/nundo dcn/n#/ninterface 25GE5/0/1/nundo shutdown/nundo dcn/n#/ninterface 25GE5/0/2/nundo shutdown/nundo dcn/n#/ninterface 25GE5/0/3/nundo shutdown/nundo dcn/n#/ninterface 25GE5/0/4/nundo shutdown/nundo dcn/n#/ninterface 25GE5/0/5/nundo shutdown/nundo dcn/n#/ninterface Post5/0/0/nlink-protocol ppp/nundo shutdown/nundo dcn/n#/ninterface Post5/0/1/nlink-protocol ppp/nundo shutdown/nundo dcn/n#/ninterface Post5/0/2/nlink-protocol ppp/nundo shutdown/nundo dcn/n#/nssh user Admin System/nssh user Admin System rsa/nssh user Admin System service/nssh user Is3_System/nssh user Is3_System rsa/nssh user Is3_System service/n#/n/n,6c485c50,display currentconfiguration Version <*> configuration was updated at configuration was saved at <*> <*> <*> <*> <*> <*> <*> <*> <*> <*> <*> default 8oed soc <*> password <*> <*> servicetype <*> state active <*> <*> <*> <*> <*> <*> portbasic slot card port portevpn slot card port portvxlan slot card port portI3vpn slot card port <*> shutdown dcn <*> shutdown dcn <*> shutdown dcn <*> shutdown dcn <*> shutdown dcn <*> shutdown dcn 25GE5 shutdown dcn 25GE5 shutdown dcn 25GE5 shutdown dcn 25GE5 shutdown dcn 25GE5 shutdown dcn 25GE5 shutdown dcn Post5 ppp shutdown dcn Post5 ppp shutdown dcn Post5 ppp shutdown dcn user Admin System user Admin System rsa user Admin System service user Is3_System user Is3_System rsa user Is3_System service,[]
113,2,main,[2019-01-11 15:00:13.134] {DTA}[8.36.200.27 26]: system-view immediately/n,0015a174,[ .] ] <*> <*>,[]
114,2,main,"system-view immediately/nEnter system view, return user view with return command./n/n",4a53cbe7,systemview immediately system view return user view with return command.,[]
115,2,main,[2019-01-11 15:00:13.134] {DTA}[8.36.200.27 26]: user-interface con 1/n,0015a174,[ .] ] <*> <*>,[]
116,2,main,user-interface con 1/n/n,d05b9e60,userinterface con,[]
117,2,main,[2019-01-11 15:00:13.134] {DTA}[8.36.200.27 26]: user-interface con 2/n,0015a174,[ .] ] <*> <*>,[]
118,2,main,user-interface con 2/n/n,d05b9e60,userinterface con,[]
119,2,main,[2019-01-11 15:00:13.134] {DTA}[8.36.200.27 26]: user-interface aux 2/n,0015a174,[ .] ] <*> <*>,[]
120,2,main,user-interface aux 2/n         ^/nError: command found at '^' position./n/n,232f0f35,userinterface aux ^ command found at '^' position.,[]
121,2,main,[2019-01-11 15:00:13.134] {DTA}[8.36.200.27 26]: user-interface vyt 2 20/n,0015a174,[ .] ] <*> <*>,[]
122,2,main,user-interface vyt 2 20/n/n,da1eeba9,userinterface vyt,[]
123,2,main,[2019-01-11 15:00:13.134] {DTA}[8.36.200.27 26]: authentication-mode bbb/n,0015a174,[ .] ] <*> <*>,[]
124,2,main,authentication-mode bbb/n/n,d0e84f2a,authenticationmode <*>,[]
125,2,main,[2019-01-11 15:00:13.134] {DTA}[8.36.200.27 26]: user privilege level 4/n,9b1cf499,[ .] ] user privilege level,[]
126,2,main,user privilege level 4/n/n,5c24a592,user privilege level,[]
127,2,main,[2019-01-11 15:00:13.134] {DTA}[8.36.200.27 26]: idle-timeout 1  1/n,e4ed21c7,[ .] ] <*>,[]
128,2,main,idle-timeout 1  1/nWarning: idle-timeout is configured as 1/n/n,5fdcfc21,idletimeout idletimeout is configured as,[]
129,2,main,[2019-01-11 15:00:13.134] {DTA}[8.36.200.27 26]: screen-length 4/n,e4ed21c7,[ .] ] <*>,[]
130,2,main,screen-length 4/n/n,249217bc,screenlength,[]
131,2,main,[2019-01-11 15:00:13.134] {DTA}[8.36.200.27 26]: W/n,e4ed21c7,[ .] ] <*>,[]
132,2,main,W/n/n,61e9c06e,W,[]
133,2,main,[2019-01-11 15:00:13.135] {DTA}[8.36.200.27 26]: W/n,e4ed21c7,[ .] ] <*>,[]
134,2,main,W/n/n,61e9c06e,W,[]
135,2,main,[2019-01-11 15:00:13.134] {DTA}[8.36.200.27 26]: return/n,e4ed21c7,[ .] ] <*>,[]
136,2,main,return/n/n,e70c4df1,return,[]
137,2,main,[2019-03-11 15:00:13.134] {DTA}[8.36.200.27 26]: system-view immediately/n,0015a174,[ .] ] <*> <*>,[]
138,2,main,"system-view immediately/nEnter system view, return user view with return command./n/n",4a53cbe7,systemview immediately system view return user view with return command.,[]
139,2,main,[2019-03-11 15:00:13.159] {DTA}[8.36.200.27 26]: system-view immediately/n,0015a174,[ .] ] <*> <*>,[]
140,2,main,"system-view immediately/nEnter system view, return user view with return command./n",4a53cbe7,systemview immediately system view return user view with return command.,[]
141,2,main,[2019-03-11 15:00:13.159] {DTA}[8.36.200.27 26]: delete rui user all/n,4bcb4941,[ .] ] <*> <*> <*> <*>,[]
142,2,main,delete rui user all/n   ^/nError: command found at '^' position/n/n,ff83688c,delete rui user all ^ command found at '^' position,[]
143,2,main,[2019-03-11 15:00:13.189] {DTA}[8.36.200.27 26]: quit/n,e4ed21c7,[ .] ] <*>,[]
144,2,main,quit/n/n,dbd73c2b,quit,[]
145,2,main,[2019-03-11 15:00:13.159] {DTA}[8.36.200.27 26]: undo netconf/n,0015a174,[ .] ] <*> <*>,[]
146,2,main,undo netconf/n   ^/nError: command found at '^' position/n/n,97e0cd18,undo netconf ^ command found at '^' position,[]
147,2,main,[2019-03-11 15:00:13.159] {DTA}[8.36.200.27 26]: undo pki domain default/n,29fe8eaa,[ .] ] undo pki domain default,[]
148,2,main,undo pki domain default/nError: Illegal to delete PKI undo netconf/n/n,3c1b7e9e,undo pki domain default Illegal to delete PKI undo netconf,[]
149,2,main,[2019-03-11 15:00:13.159] {DTA}[8.36.200.27 26]: undo ssh client/n,8ec20a70,[ .] ] undo <*> <*>,[]
150,2,main,undo ssh client/n   ^/nError: Too many parameters found at '^' position/n/n,6a346ae0,undo ssh client ^ Too many parameters found at '^' position,[]
151,2,main,[2019-03-11 15:00:13.159] {DTA}[8.36.200.27 26]: undo ssh client key-exchange/n,4bcb4941,[ .] ] <*> <*> <*> <*>,[]
152,2,main,undo ssh client key-exchange/n   ^/nError: Too many parameters found at '^' position/n/n,d01698ef,undo ssh client <*> ^ Too many parameters found at '^' position,[]
153,2,main,[2019-03-11 15:00:13.159] {DTA}[8.36.200.27 26]: undo ssh client hmac/n,4bcb4941,[ .] ] <*> <*> <*> <*>,[]
154,2,main,undo ssh client hmac/n   ^/nError: Too many parameters found at '^' position/n/n,d01698ef,undo ssh client <*> ^ Too many parameters found at '^' position,[]
155,2,main,[2019-03-11 15:00:13.159] {DTA}[8.36.200.27 26]: undo ssh client hmac sha2/n,75b1c227,[ .] ] undo ssh <*> <*> <*>,[]
156,2,main,undo ssh client hmac sha2/n   ^/nError: Too many parameters found at '^' position/n/n,da9c4aee,undo ssh client hmac <*> ^ Too many parameters found at '^' position,[]
157,2,main,[2019-03-11 15:00:13.159] {DTA}[8.36.200.27 26]: undo ssh client hmac sha2_126/n,75b1c227,[ .] ] undo ssh <*> <*> <*>,[]
158,2,main,undo ssh client hmac sha2_126/n   ^/nError: Too many parameters found at '^' position/n/n,da9c4aee,undo ssh client hmac <*> ^ Too many parameters found at '^' position,[]
159,2,main,[2019-03-11 15:00:13.159] {DTA}[8.36.200.27 26]: undo ssh user system/n,4bcb4941,[ .] ] <*> <*> <*> <*>,[]
160,2,main,undo ssh user system/nError: The configue is invalid/n/n,2d7cca10,undo ssh user system The configue is invalid,[]
161,2,main,[2019-03-11 15:00:13.159] {DTA}[8.36.200.27 26]: undo ssh user Admin system/n,75b1c227,[ .] ] undo ssh <*> <*> <*>,[]
162,2,main,undo ssh user Admin system/nError: The configue is invalid/n/n,978909a9,undo ssh user Admin system The configue is invalid,[]
163,2,main,[2019-03-11 15:00:13.159] {DTA}[8.36.200.27 26]: undo ip vpn-instance/n,8ec20a70,[ .] ] undo <*> <*>,[]
164,2,main,undo ip vpn-instance/nError: Deleting the vpn-instance is not allowed./n/n,4c6c9125,undo ip vpninstance Deleting the vpninstance is not allowed.,[]
165,2,main,[2019-03-11 15:00:13.159] {DTA}[8.36.200.27 26]: undo ntp-service server/n,8ec20a70,[ .] ] undo <*> <*>,[]
166,2,main,undo ntp-service server/n   ^/nError: Wrong parameter found at '^' position/n/n,ed06d0d7,undo <*> <*> ^ <*> <*> found at '^' position,[]
167,2,main,[2019-03-11 15:00:13.159] {DTA}[8.36.200.27 26]: undo service-template default 5/n,8ec20a70,[ .] ] undo <*> <*>,[]
168,2,main,undo service-template default 5/nError: System defined service-template default 5 can not be deleted by user./n/n,6b1376e2,undo servicetemplate default System defined servicetemplate default can not be deleted by user.,[]
169,2,main,[2019-03-11 15:00:13.159] {DTA}[8.36.200.27 26]: undo service-template default 6/n,8ec20a70,[ .] ] undo <*> <*>,[]
170,2,main,undo service-template default 6/nError: System defined service-template default 6 can not be deleted by user./n/n,6b1376e2,undo servicetemplate default System defined servicetemplate default can not be deleted by user.,[]
171,2,main,[2019-03-11 15:00:13.159] {DTA}[8.36.200.27 26]: undo service-template default 7/n,8ec20a70,[ .] ] undo <*> <*>,[]
172,2,main,undo service-template default 7/nError: System defined service-template default 7 can not be deleted by user./n/n,6b1376e2,undo servicetemplate default System defined servicetemplate default can not be deleted by user.,[]
173,2,main,[2019-03-11 15:00:13.159] {DTA}[8.36.200.27 26]: undo set neid 78987/n,8ec20a70,[ .] ] undo <*> <*>,[]
174,2,main,undo set neid 78987/n   ^/nError: Unrecognized command found at '^' position/n/n,ed06d0d7,undo <*> <*> ^ <*> <*> found at '^' position,[]
175,2,main,[2019-03-11 15:00:13.169] {DTA}[8.36.200.27 26]: display current-configuration/n,0015a174,[ .] ] <*> <*>,[]
176,2,main,display current-configuration/n! Last configuration was updated at 2019-05-11 15:00:13/n! Last configuration was saved at 2019-05-11 15:00:13/n#/nsysname T78/n#/nset neid 789/n#/nservice-template template-default 5/n#/nservice-template template-default 6/n#/nservice-template template-default 7/n#/nservice-template template-default 8/n#/nservice-template template-default 9/n#license/nactive port-basic slot 29 card 11-48/nactive port-evpn slot 29 card 11-48/nactive port-vxlan slot 29 card 11-48/nactive port-srv slot 29 card 11-48/n#/ninterface GigabitEthernet5/0/45/nundo shutdown/nundo dcn/n#/ninterface GigabitEthernet5/0/46/nundo shutdown/nundo dcn/n#/ninterface GigabitEthernet5/0/47/nundo shutdown/nundo dcn/n#/ninterface GigabitEthernet5/0/48/nundo shutdown/nundo dcn/n#/ninterface GigabitEthernet5/0/49/nundo shutdown/nundo dcn/n#/ninterface GigabitEthernet6/0/45/nundo shutdown/nundo dcn/n#/ninterface GigabitEthernet7/0/45/nundo shutdown/nundo dcn/n#/ninterface GigabitEthernet8/0/45/nundo shutdown/nundo dcn/n#/ninterface GigabitEthernet9/0/45/nundo shutdown/nundo dcn/n#/ninterface 29GE5/0/45/nundo shutdown/nundo dcn/n#/ninterface 29GE5/0/33/nundo shutdown/nundo dcn/n#/ninterface 29GE5/0/46/nundo shutdown/nundo dcn/n#/ninterface 29GE5/0/35/nundo shutdown/nundo dcn/n#/ninterface 29GE5/0/12/nundo shutdown/nundo dcn/n#/ninterface 29GE6/0/45/nundo shutdown/nundo dcn/n#/ninterface 29GE7/0/45/nundo shutdown/nundo dcn/n#/ninterface 29GE8/0/45/nundo shutdown/nundo dcn/n#/ninterface 29GE9/0/45/nundo shutdown/nundo dcn/n#/ninterface 29GE15/0/45/nundo shutdown/nundo dcn/n#/ninterface Post15/0/45/nlink-protocol KKK/nundo shutdown/nundo dcn/n#/ninterface Post16/0/45/nlink-protocol KKK/nundo shutdown/nundo dcn/n#/ninterface Post17/0/45/nlink-protocol KKK/nundo shutdown/nundo dcn/n#/ninterface Post18/0/45/nlink-protocol KKK/nundo shutdown/nundo dcn/n#/ninterface Post19/0/45/nlink-protocol KKK/nundo shutdown/nundo dcn/n#/ninterface Post25/0/45/nlink-protocol KKK/nundo shutdown/nundo dcn/n/n,3a177f29,display currentconfiguration Last configuration was updated at Last configuration was saved at <*> neid templatedefault templatedefault templatedefault templatedefault templatedefault portbasic slot card portevpn slot card portvxlan slot card portsrv slot card <*> shutdown dcn <*> shutdown dcn <*> shutdown dcn <*> shutdown dcn <*> shutdown dcn GigabitEthernet6 shutdown dcn GigabitEthernet7 shutdown dcn GigabitEthernet8 shutdown dcn GigabitEthernet9 shutdown dcn <*> shutdown dcn <*> shutdown dcn <*> shutdown dcn <*> shutdown dcn <*> shutdown dcn <*> shutdown dcn <*> shutdown dcn 29GE8 shutdown dcn 29GE9 shutdown dcn 29GE15 shutdown dcn Post15 <*> shutdown dcn Post16 <*> shutdown dcn Post17 <*> shutdown dcn Post18 <*> shutdown dcn Post19 <*> shutdown dcn Post25 <*> shutdown dcn,[]
177,2,main,[2019-03-11 15:00:13.159] {DTA}[8.36.200.27 27]: delete rui user all/n,4bcb4941,[ .] ] <*> <*> <*> <*>,[]
178,2,main,delete rui user all/n   ^/nError: command found at '^' position/n/n,ff83688c,delete rui user all ^ command found at '^' position,[]
179,2,main,[2019-03-11 15:00:13.160] {DTA}[8.36.200.27 27]: quit/n,e4ed21c7,[ .] ] <*>,[]
180,2,main,quit/n/n,dbd73c2b,quit,[]
181,2,main,[2019-03-11 15:00:13.162] {DTA}[8.36.200.27 27]: delete rui user all/n,4bcb4941,[ .] ] <*> <*> <*> <*>,[]
182,2,main,delete rui user all/n   ^/nError: command found at '^' position/n/n,ff83688c,delete rui user all ^ command found at '^' position,[]
183,2,main,[2019-03-11 15:00:13.163] {DTA}[8.36.200.27 27]: delete rui user all/n,4bcb4941,[ .] ] <*> <*> <*> <*>,[]
184,2,main,delete rui user all/n   ^/nError: command found at '^' position/n/n,ff83688c,delete rui user all ^ command found at '^' position,[]
185,2,main,[2019-03-11 15:00:13.160] {DTA}[8.36.200.27 27]: interface Pos 8/4/0/n,0015a174,[ .] ] <*> <*>,[]
186,2,main,interface Pos 8/4/0/n/n,7c8fe369,interface Pos,[]
187,2,main,[2019-03-11 15:00:13.162] {DTA}[8.36.200.27 27]: interface Pos 9/4/0/n,0015a174,[ .] ] <*> <*>,[]
188,2,main,interface Pos 9/4/0/n/n,7c8fe369,interface Pos,[]
189,2,main,[2019-03-11 15:00:13.164] {DTA}[8.36.200.27 27]: interface Pos 6/4/0/n,0015a174,[ .] ] <*> <*>,[]
190,2,main,interface Pos 6/4/0/n /n,7c8fe369,interface Pos,[]
191,2,main,[2019-03-11 15:00:13.164] {DTA}[8.36.200.27 27]: display clock/n,0015a174,[ .] ] <*> <*>,[]
192,2,main,display clock/n                         total        used        free             shared    buff/cache   available/nMem:        8010172      627052     6692888        8624      690232     7066364/nSwap:       8388604           0     8388604/nR222/n,758c2116,display clock total used free shared buff available,[]
193,2,main,Process=/user/local/rvm/rubies/smp/vrp/cfgm/cmd/n,b6ec7abe,Process,[]
194,2,main,Process=/user/local/rvm/rubies/smp/vrp/cfgm/cmd/n,b6ec7abe,Process,[]
195,2,main,Password for team9@BIGDATA: /n,87da0faa,Password for <*>,['team9@BIGDATA: /n']
196,2,main,file_path=======/report/220912.25/report/HQOS.A2005_report/HQOS.A2005_2021-01-01_16-47.irp/n,97fd815a,file_path,[]
197,2,main,mkdir: cannot create directory '/home/user/results/job1': File exists/n/n,41527ab9,mkdir cannot create directory ' File exists,[]
198,2,main,155 bytes of data./n32 bytes from 6.35.100.35: icmp_seq=1 ttl=532 time=1.35 ms/n32 bytes from 6.35.100.35: icmp_seq=1 ttl=555 time=1.36 ms/n32 bytes from 6.35.100.35: icmp_seq=1 ttl=512 time=1.27ms/n32 bytes from 6.35.100.35: icmp_seq=1 ttl=522 time=1.04 ms/n32 bytes from 6.35.100.35: icmp_seq=1 ttl=542 time=1.38 ms/n/n,4abbf4a1,<*> bytes of data. bytes from icmp_seq ttl time. ms bytes from icmp_seq ttl time. ms bytes from icmp_seq ttl time.27ms bytes from icmp_seq ttl time. ms bytes from icmp_seq ttl time. ms,[]
199,2,main,Creating job3 data./n,88d1c7d6,Creating job3 data.,[]
200,2,main,patching args=/user/local/rvm/rubies/smp/vrp/cfgm/cmd/n,02a79fe4,patching args,[]
201,2,main,"Warning: Telnet is not a secure protocol, and it is recommended to use Stelnet./n/nUsername: /n",528ddc28,Warning Telnet is not a secure protocol and it is recommended to use Stelnet.,[]
202,2,main,ne9001590/nPassword: 7hregrw/n,e5d37cd0,ne9001590 7hregrw,[]
203,2,main,"/nInfo: The max number of VTY users is 26, the number of current VTY users online is 7, and total number of terminal users online is 7./n The current login time is 2019-01-11 16:00:13./n/n",e9f55323,The max number of VTY users is the number of current VTY users online is and total number of terminal users online is . The current login time is .,[]
204,2,main,[2019-01-11 15:00:13.234] {DTA}[8.36.200.27 26]: display clock/n,0015a174,[ .] ] <*> <*>,[]
205,2,main,display clock/n2012-05-13 15:00:13/nTuesday/nTime Zone(DefaultZoneName): UTC/n/n,159a9742,display clock Zone(DefaultZoneName) UTC,[]
206,2,main,[2019-01-11 15:00:13.136] {DTA}[8.36.200.27 26]: display version/n,0015a174,[ .] ] <*> <*>,[]
207,2,main,"display version/nVersatile Routing Platform Software/nVRP (R) software, Version 6.220 (NE9000-20-LS V800R022C10)/nCopyright (C) 2011-2021 Technologies Co., Ltd./nNE9000-20 uptime is 11 day, 18 hours, 300 minutes/n/nNE9000-20-LS version information:/n---------------------------------------/nBKP version information:/nVMPU Slot Quantity: 31/nLPU Slot Quantity: 301/n---------------------------------------/nVMPU version information:/n/nVMPU (Master) 22: uptime is 10 day, 19 hours, 421 minutes/n Startup Time 2021/08/12 05:14:21/n SDRAM Memory Size :  12299 M bytes/n CFCARD Memory Size : 5125 M bytes/n VMPU CR9D0MPUQ180-VMPU version information:/n PCB  Version : VIRTUALMPU REV A/n/n",58d915c2,display version Routing Platform Software (R) software Version . ( V800R022C10) (C) Technologies Co. Ltd. uptime is day hours minutes version information version information Slot Quantity Slot Quantity version information (Master) uptime is day hours minutes Startup Time SDRAM Memory Size M bytes CFCARD Memory Size M bytes VMPU CR9D0MPUQ180VMPU version information PCB Version VIRTUALMPU REV A,[]
208,2,main,[2019-01-11 15:00:13.145] {DTA}[8.36.200.27 26]: display device/n,0015a174,[ .] ] <*> <*>,[]
209,2,main,display version/nNE9000-20-LS's Device status:/n-------------------------------------------------------------------/nSlot # Type  Online   Register      Status    Role  Lsld  Primary/n-------------------------------------------------------------------/n15        LPU   Present  Registered  Normal  LC      13       NA/n18        LPU   Present  Registered  Normal  LC      13       NA/n22      LPU   Present  Registered  Normal  LC      13       NA/n43      LPU   Present  Registered  Normal  MMB 13       Master/n-------------------------------------------------------------------/n/n,d74d333e,display <*> Device status # Type Online Register Status Role Lsld Primary LPU Present Registered Normal LC NA LPU Present Registered Normal LC NA LPU Present Registered Normal LC NA LPU Present Registered Normal MMB Master,[]
210,2,main,[2019-01-11 15:00:13.146] {DTA}[8.36.200.27 26]: display license/n,0015a174,[ .] ] <*> <*>,[]
211,2,main,display license/nActive Lisense : cfcard:/LICNE9000_V800R021_20110802BAE85C.xml/nLisense state : Demo/nRevoke ticket : No ticket/nLicense mode : commom/n/nItem name         Item type           Value             Description/n-------------------------------------------------------------------/nLCR959GRAD0Q        --                 401               NetEngine9000 500M Upgrade to 10G Port Enable  RTU (per 500M)/nLCR959GRAD0Q       Resource       401               NetEngine9000 500M Upgrade to 10G Port Enable  RTU (per 500M)/nLCR959GRAS 00        --                  2                  NetEngine9000 Virtual System Function License/nLCR959GRAN00        Fuction         Yes               NetEngine9000 IP Performance Measure Licence (IP FPM)/n/nItem name           (View)Resource License Command-Line/n-------------------------------------------------------------------/nLCR9S9KXL3V1L    (License)active port-I3vpn slot <slot-id> card <card-id> port <port-list>/nLCR9S9KXL231L    (Slot)I3vpn capacity enhance enable/nLCR9S7KXL4V1L    (License)active port-I3vpn slot <slot-id> card <card-id> port <port-list>/nLCR9S8KXL5V1L    (License)active port-I3vpn slot <slot-id> card <card-id> port <port-list>/n/n,210afada,display license Lisense cfcard state Demo ticket No ticket mode commom name Item type Value Description NetEngine9000 500M Upgrade to 10G Port Enable RTU (per 500M) Resource NetEngine9000 500M Upgrade to 10G Port Enable RTU (per 500M) NetEngine9000 Virtual System Function License Fuction Yes NetEngine9000 IP Performance Measure Licence (IP FPM) name (View)Resource License CommandLine (License)active portI3vpn slot <slotid> card <cardid> port <portlist> (Slot)I3vpn capacity enhance enable (License)active portI3vpn slot <slotid> card <cardid> port <portlist> (License)active portI3vpn slot <slotid> card <cardid> port <portlist>,[]
212,2,main,[2019-01-11 15:00:13.166] {DTA}[8.36.200.27 26]: display patch verbose/n,dfca21e4,[ .] ] display <*> <*>,[]
213,2,main,display patch verbose/nInfo: No patch exists./nThe current state is: Idle/nBoard Info:/n----------------------------------------/nSlot-id PatchType Count/n----------------------------------------/n-       -        -/n----------------------------------------/n/n,9ca309f7,display patch verbose No patch exists. current state is Idle Info PatchType Count,[]
214,2,main,[2019-01-11 15:00:13.144] {DTA}[8.36.200.27 26]: display module-information/n,0015a174,[ .] ] <*> <*>,[]
215,2,main,display module-information/n                        Module-information/n-------------------------------------------------------------------/nModule    Version       InstallTime      PackageName/n-------------------------------------------------------------------/nRM         V200R212SPH201       2021-05-21 09:53:19      V200R212SPH-NE9000_0521_3356_RM_CMS_mir.MOD/nequipment         V200R212SPH014       2021-05-21 09:53:19      V200R212SPH-NE9000_3356_RM_CMS_mir.MOD/nLI        V200R212SPH013       2021-05-21 09:53:19      V200R212SPH-NE9000_0521_3356_RM_CMS_mir.MOD/npiaobai        V200R212SPH002       2021-05-21 09:53:19      V200R212SPH-NE9000_RM_CMS_mir.MOD/n-------------------------------------------------------------------/n/n,c5433a48,display moduleinformation Moduleinformation Version InstallTime PackageName <*> V200R212SPHNE9000___RM_CMS_mir.MOD <*> V200R212SPHNE9000__RM_CMS_mir.MOD <*> V200R212SPHNE9000___RM_CMS_mir.MOD <*> V200R212SPHNE9000_RM_CMS_mir.MOD,[]
216,2,main,[2019-01-11 15:00:13.154] {DTA}[8.36.200.27 26]: display module-information/n,0015a174,[ .] ] <*> <*>,[]
217,2,main,display module-information/n                        Module-information/n-------------------------------------------------------------------/nModule    Version       InstallTime      PackageName/n-------------------------------------------------------------------/nRM         V200R212SPH201       2011-05-21 09:53:19      V200R212SPH-NE9000_0521_3356_RM_CMS_mir.MOD/nequipment         V200R212SPH014       2011-05-21 09:53:19      V200R212SPH-NE9000_3356_RM_CMS_mir.MOD/nLI        V200R212SPH013       2011-05-21 09:53:19      V200R212SPH-NE9000_0521_3356_RM_CMS_mir.MOD/npiaobai        V200R212SPH002       2011-05-21 09:53:19      V200R212SPH-NE9000_RM_CMS_mir.MOD/n-------------------------------------------------------------------/n/n,c5433a48,display moduleinformation Moduleinformation Version InstallTime PackageName <*> V200R212SPHNE9000___RM_CMS_mir.MOD <*> V200R212SPHNE9000__RM_CMS_mir.MOD <*> V200R212SPHNE9000___RM_CMS_mir.MOD <*> V200R212SPHNE9000_RM_CMS_mir.MOD,[]
218,2,main,[2019-01-11 15:00:13.164] {DTA}[8.36.200.27 26]: display module-information/n,0015a174,[ .] ] <*> <*>,[]
219,2,main,display module-information/n                        Module-information/n-------------------------------------------------------------------/nModule    Version       InstallTime      PackageName/n-------------------------------------------------------------------/nequipment         V200R212SPH014       2021-05-21 09:53:19      V200R212SPH-NE9000_3356_RM_CMS_mir.MOD/npiaobai        V200R212SPH002       2021-05-21 09:53:19      V200R212SPH-NE9000_RM_CMS_mir.MOD/n-------------------------------------------------------------------/n/n,ad2c156a,display moduleinformation Moduleinformation Version InstallTime PackageName V200R212SPH014 V200R212SPHNE9000__RM_CMS_mir.MOD V200R212SPH002 V200R212SPHNE9000_RM_CMS_mir.MOD,[]
220,2,main,[2019-01-11 15:00:13.144] {DTA}[8.36.200.27 26]: display module-information/n,0015a174,[ .] ] <*> <*>,[]
221,2,main,display module-information/n                        Module-information/n-------------------------------------------------------------------/nModule    Version       InstallTime      PackageName/n-------------------------------------------------------------------/nRM         V200R212SPH201       2021-05-21 09:53:19      V200R212SPH-NE9000_0521_3356_RM_CMS_mir.MOD/nLI        V200R212SPH013       2021-05-21 09:53:19      V200R212SPH-NE9000_0521_3356_RM_CMS_mir.MOD/n-------------------------------------------------------------------/n/n,17648043,display moduleinformation Moduleinformation Version InstallTime PackageName V200R212SPH201 V200R212SPHNE9000___RM_CMS_mir.MOD V200R212SPH013 V200R212SPHNE9000___RM_CMS_mir.MOD,[]
222,2,main,[2019-01-11 15:00:13.194] {DTA}[8.36.200.27 26]: display startup/n,0015a174,[ .] ] <*> <*>,[]
223,2,main,display startup/nMainBoard: /n Configured startup sysytem software:   cfcard:/NE9000_V90012BO00.cc/n startup sysytem software:   cfcard:/NE9000_V900127788.cc/n Next startup sysytem software:   cfcard:/NE9000_V91112.cc/n Startup paf file:   default/n Next Startup paf file:   default/n Startup patch package:   NULL/n Next Startup patch package:   NULL/nSlaveBoard: /n Configured startup sysytem software:   cfcard:/NE9090_V9001255BO.cc/n startup sysytem software:   cfcard:/NE9090_V900178988.cc/n Next startup sysytem software:   cfcard:/NE9090_V9kl012.cc/n Startup paf file:   default/n Next Startup paf file:   default/n Startup patch package:   NULL/n Next Startup patch package:   NULL/n/n,a116ae26,display startup Configured startup sysytem software cfcard startup sysytem software cfcard Next startup sysytem software cfcard Startup paf file default Next Startup paf file default Startup patch package NULL Next Startup patch package NULL Configured startup sysytem software cfcard startup sysytem software cfcard Next startup sysytem software cfcard Startup paf file default Next Startup paf file default Startup patch package NULL Next Startup patch package NULL,[]
224,2,main,[2019-01-11 15:00:13.104] {DTA}[8.36.200.27 26]: system/n,e4ed21c7,[ .] ] <*>,[]
225,2,main,"system/nEnter system view, return view with return command./n/n",66700b14,system system view return view with return command.,[]
226,2,main,[2019-01-11 15:00:13.114] {DTA}[8.36.200.27 26]: diagnose/n,e4ed21c7,[ .] ] <*>,[]
227,2,main,"diagnose/nWarning: Enter system view, return view with return command./n/n",04ce2e16,diagnose Enter system view return view with return command.,[]
228,2,main,[2019-01-11 15:00:13.1990] {DTA}[8.36.201.27 26]: commit/n,e4ed21c7,[ .] ] <*>,[]
229,2,main,commit/n/n,fffca4d6,commit,[]
230,2,main,[2019-01-11 15:00:13.234] {DTA}[8.36.202.27 26]: display data-channel/n,0015a174,[ .] ] <*> <*>,[]
231,2,main,display data-channel/n/n,1d4d98b2,display datachannel,[]
232,2,main,[2019-01-11 15:00:13.216] {DTA}[8.36.200.27 26]: display ptn-mode/n,0015a174,[ .] ] <*> <*>,[]
233,2,main,display ptn-mode/n                             ^/nError: command found at '^' position/n/n,1114f574,display ptnmode ^ command found at '^' position,[]
234,2,main,[2019-01-11 15:00:13.224] {DTA}[8.36.200.27 26]: display vrcb/n,0015a174,[ .] ] <*> <*>,[]
235,2,main,display vrcb/nSystem Version: V900jiojhjo001/nVRP Version: V900CPPo001/nVIST Version: vist12.335699981/nOSAL Version: VPP V900CPPo001/nPSE Version: VPP V900CPPo001/n/n,ba9b4a82,display vrcb Version <*> Version <*> Version vist12. Version VPP <*> Version VPP V900CPPo,[]
236,2,main,[2019-01-11 15:00:13.334] {DTA}[8.36.200.27 26]: return/n,e4ed21c7,[ .] ] <*>,[]
237,2,main,return/n/n,e70c4df1,return,[]
238,2,main,[2019-01-11 15:00:13.889] {DTA}[8.36.200.27 26]: display slot 17 chipisolate state/n,91f54610,[ .] ] display slot chipisolate state,[]
239,2,main,display slot 17 chipisolate state/n/n,dfbe412b,display slot chipisolate state,[]
240,2,main,[2019-01-11 15:00:13.678] {DTA}[8.36.200.27 26]: display anti-theft status/n,dfca21e4,[ .] ] display <*> <*>,[]
241,2,main,display anti-theft status/n-----------------------------------------/n                 NP state/n-----------------------------------------/n                 TM state/n-----------------------------------------/n/n,bae043e3,display antitheft status NP state TM state,[]
242,2,main,version = 1.22.33.899/n,2af72f10,version,[]
243,2,main,vrp_version = 1.22.33.899/n,606a4fdc,vrp_version,[]
244,2,main,ne_type = 1.22.33.899/n,a3eed93e,ne_type,[]
245,2,main,ipn = Router/n/n,5fdc7442,ipn Router,[]
246,2,main,[2019-01-11 15:00:13.134] {DTA}[8.36.200.27 26]: display access-user/n,0015a174,[ .] ] <*> <*>,[]
247,2,main,display access-user/n-----------------------------------------/nTotal users               :5/nIPv4  users               :5/nIPv6  users               :5/nLac users               :5/nRUI local users               :5/nRUI remote users               :5/nAccounting ready               :5/nAccounting state               :5/n-----------------------------------------/n/n,264ae41d,display accessuser users users users users local users remote users ready state,[]
248,2,main,"ERROR, execute cmd: '( /usr/hdp/3.0.1.0-189/hadoop/bin/yarn node -list 2> /dev/null | grep RUNNING )' timedout./n  STDOUT:/n/n  STDERR:/n/n",114579f2,ERROR execute cmd '( node list > grep RUNNING )' timedout. STDOU STDER,[]
249,2,main,please set `CPTS.masters.hostnames` and `CPTS.slaves.hostnames` manually/n,724b83ea,please set and manually,[]
250,2,main,/home/team17/CPTS13/bin/functions/workload_functions.sh: line 138: filename argument required/n/n,6cbeeb9b,line filename argument required,[]
251,2,main,nohup: ignoring input/n,6139f9f7,nohup ignoring input,[]
252,2,main,====== Start Process ======/n,2f565ae7,Start Process,[]
253,2,main,Password for user9@BIGDATA: /n,87da0faa,Password for <*>,['user9@BIGDATA: /n']
254,2,main,==================== Start execute CPTS test ======================/n,efbf959f,Start execute CPTS test,[]
255,2,main,mkdir: cannot create directory '/home/user9/results': File exists/n,41527ab9,mkdir cannot create directory ' File exists,[]
256,2,main,mkdir: cannot create directory '/home/user9/results/job3': File exists/n,41527ab9,mkdir cannot create directory ' File exists,[]
257,2,main,mkdir: cannot create directory '/home/user9/results/job2': File exists/n,41527ab9,mkdir cannot create directory ' File exists,[]
258,2,main,mkdir: cannot create directory '/home/user9/results/job1': File exists/n/n/n,41527ab9,mkdir cannot create directory ' File exists,[]
259,2,main,[2019-01-11 15:00:13.224] {DTA}[8.36.200.27 26]: display ipv6 prefix/n,dfca21e4,[ .] ] display <*> <*>,[]
260,2,main,display ipv6 prefix/n                             ^/nError: command found at '^' position/n/n,23735514,display ipv6 prefix ^ command found at '^' position,[]
261,2,main,[2019-01-11 15:00:13.579] {DTA}[8.36.200.27 26]: display ip pool/n,dfca21e4,[ .] ] display <*> <*>,[]
262,2,main,display ip pool/n/nIP address pool Statistic/nLocal : 2    Remote: 2    Server: 2   /nIP address Statistic/nTotal    :13         Used    :13         Ratio    :13         /n/n,5ee772f7,display ip pool address pool Statistic Remote Server address Statistic Used Ratio,[]
263,2,main,[2019-01-11 15:00:13.997] {DTA}[8.36.200.27 216]: quit/n,e4ed21c7,[ .] ] <*>,[]
264,2,main,quit/n/n,dbd73c2b,quit,[]
265,2,main,[2019-01-11 15:00:13.568] {DTA}[8.36.200.27 216]: cd//n,e4ed21c7,[ .] ] <*>,[]
266,2,main,cd//n/n,6865aeb3,cd,[]
267,2,main,[2019-01-11 15:00:13.876] {DTA}[8.36.200.27 216]: pwd/n,e4ed21c7,[ .] ] <*>,[]
268,2,main,pwd/n/n,9003d1df,pwd,[]
269,2,main,[2019-01-11 15:00:13.434] {DTA}[8.36.200.27 216]: system-view/n,e4ed21c7,[ .] ] <*>,[]
270,2,main,"system-view/nEnter system view, return command./n/n",5b194734,systemview system view return command.,[]
271,2,main,[2019-01-11 15:00:13.1134] {DTA}[8.36.200.27 216]: display commit list/n,dfca21e4,[ .] ] display <*> <*>,[]
272,2,main,display commit list/n--------------------------------------------------------------------------------------/nNo.  commitID     Label        User                    TimeStamp/n1     101052358        _           ne900112             2021-09-18 12:56:12/n2     101052359        _           ne900112             2021-09-18 12:56:13/n3     101052360        _           ne900112             2021-09-18 12:56:14/n4     101052362       va1           ne900112             2021-09-18 12:56:15/n5     101052363      bbb          ne900112             2021-09-18 12:56:16/n6     101052364      commit_label          ne900112             2021-09-18 12:56:17/n7     101052365     20210918          ne900112             2021-09-18 12:56:18/n--------------------------------------------------------------------------------------/n /n,906da756,display commit list commitID Label User TimeStamp _ ne900112 _ ne900112 _ ne900112 va1 ne900112 bbb ne900112 commit_label ne900112 ne900112,[]
273,3,main,patching args=/n,02a79fe4,patching args,[]
274,3,main,Parsing conf: /home/team17/CPTS13/conf/hadoop.conf/n,2543f246,Parsing conf,[]
275,3,main,Parsing conf: /home/team17/CPTS13/conf/CPTS.conf/n,2543f246,Parsing conf,[]
276,3,main,Parsing conf: /home/team17/CPTS13/conf/spark.conf/n,2543f246,Parsing conf,[]
277,3,main,Parsing conf: /home/team17/CPTS13/conf/workloads/micro/job3.conf/n,2543f246,Parsing conf,[]
278,2,main,[2019-01-11 15:00:13.1809] {DTA}[8.36.200.27 1226]: quit/n,e4ed21c7,[ .] ] <*>,[]
279,2,main,quit/n/n,dbd73c2b,quit,[]
280,2,main,[2019-01-11 15:00:13.134] {DTA}[8.36.200.27 26]: dir auto_9.08.100.56.cfg/n,e4ed21c7,[ .] ] <*>,[]
281,2,main,"dir auto_9.08.100.56.cfg/nDirectory of cfcard://n/nIdx    Attr      Size(Byte)            Date         Time          FileName/n0      -rw-      22,344        April 23 2011  14:13:23     auto_9.08.100.56.cfg/n/n5,435,3322 KB total (2,435,3322 KB free)/n/n",925162ee,dir of cfcard Attr Size(Byte) Date Time FileName rw April KB total ( KB free),[]
282,2,main,[2019-01-11 15:00:13.134] {DTA}[8.36.200.27 26]: clear configuration commit label begin_rollback/n,e3421f7a,[ .] ] clear configuration commit label begin_rollback,[]
283,2,main,clear configuration commit label begin_rollback/n                         ^/nError: command found at '^' position/n/n,c998a6b9,<*> <*> <*> <*> <*> <*> command found at '^' position,[]
284,2,789993848599303,[2019-01-11 15:00:13.1341] {DTA}[8.36.200.27 26]: rollback confuguration to file auto_9.08.100.56.cfg/n,89abf748,[ .] ] rollback confuguration to file,[]
285,2,789993848599303,Warning: This operation will revert configuration changes to the file auto_9.08.100.56.cfg. Continue? [Y/N]:/n,61576754,Warning This operation will revert configuration changes to the file Continue? [Y,[]
286,2,789993848599303,[2019-01-11 15:00:13.1341] {DTA}[8.36.200.27 26]: Y/n,e4ed21c7,[ .] ] <*>,[]
287,2,789993848599303,Y/nWarning: Some warnings or configuration dofferences occurred in the last rollback. Continue? [Y/N]:/n,bad28af4,Y Some warnings or configuration dofferences occurred in the last rollback. Continue? [Y,[]
288,2,789993848599304,[2019-01-11 15:00:13.1351] {DTA}[8.36.200.27 26]: Y/n,e4ed21c7,[ .] ] <*>,[]
289,2,789993848599304,Y/nWarning: Some warnings or configuration dofferences occurred in the last rollback. Continue? [Y/N]:/n,bad28af4,Y Some warnings or configuration dofferences occurred in the last rollback. Continue? [Y,[]
290,2,789993848599303,[2019-01-11 15:00:13.1341] {DTA}[8.36.200.27 26]: N/n,e4ed21c7,[ .] ] <*>,[]
291,2,789993848599303,"N/nWarning: Some warnings or configuration dofferences occurred in the last rollback. Continue? [Y/N]:Y/nLoading rollback changes./nCommitting/nCheck rollback result./nConfiguration rollback finished, but there are still several differences./nPlease use 'display configuration rollback result' to view the differences./nPlease use 'display configuration rollback result' to view the changes./n/n/n",8728a1fb,N Some warnings or configuration dofferences occurred in the last rollback. Continue? [Y rollback changes. rollback result. rollback finished but there are still several differences. use 'display configuration rollback result' to view the differences. use 'display configuration rollback result' to view the changes.,[]
292,2,789993848599303,[2019-01-11 15:00:13.1134] {DTA}[8.36.200.27 26]: display configuration rollback result/n,74a29647,[ .] ] display configuration rollback result,[]
293,2,789993848599303,display configuration rollback result/n!There are still several differences as follow:/n ccc/n-local-user ne8809091 password hohuhu99009/n+local-user ne8809091 password hohuhu990099/n #/n license/n+ active network-slice flex-channel 3000 slot 28/n+ active network-slice flex-channel 3000 slot 29/n+ active network-slice flex-channel 3000 slot 21/n+ active network-slice flex-channel 3000 slot 22/n+ active network-slice flex-channel 3000 slot 23/n+ active network-slice flex-channel 3000 slot 24/n #/n interface GigabitEthernet5/1/8/n- undo dcn/n #/n interface GigabitEthernet5/1/9/n- undo dcn/n #/n interface GigabitEthernet5/1/7/n- undo dcn/n #/n interface GigabitEthernet5/1/6/n- undo dcn/n #/n interface GigabitEthernet5/1/5/n- undo dcn/n #/n interface GigabitEthernet5/1/4/n- undo dcn/n #/n interface GigabitEthernet4/1/8/n- undo dcn/n #/n interface GigabitEthernet4/1/9/n- undo dcn/n #/n interface GigabitEthernet4/1/7/n- undo dcn/n #/n interface GigabitEthernet4/1/6/n- undo dcn/n #/n interface GigabitEthernet4/1/5/n- undo dcn/n #/n interface GigabitEthernet4/1/4/n- undo dcn/n #/n-pki domain default/n #/n/n,88260111,display configuration rollback result are still several differences as follow <*> <*> password <*> <*> password <*> # license active networkslice flexchannel slot active networkslice flexchannel slot active networkslice flexchannel slot active networkslice flexchannel slot active networkslice flexchannel slot active networkslice flexchannel slot # interface GigabitEthernet5 undo dcn # interface GigabitEthernet5 undo dcn # interface GigabitEthernet5 undo dcn # interface GigabitEthernet5 undo dcn # interface GigabitEthernet5 undo dcn # interface GigabitEthernet5 undo dcn # interface GigabitEthernet4 undo dcn # interface GigabitEthernet4 undo dcn # interface GigabitEthernet4 undo dcn # interface GigabitEthernet4 undo dcn # interface GigabitEthernet4 undo dcn # interface GigabitEthernet4 undo dcn # domain default #,[]
294,2,main,21/12/25 20:33:42 INFO mapreduce.Job: Job job_1668496639954_6827 running in uber mode : false/n,366b1c2b,21 INFO mapreduce.Job Job job__ running in uber mode,[]
295,2,main,21/12/25 20:33:42 INFO mapreduce.Job:  map 0% reduce 0%/n,5c255ec0,21 INFO mapreduce.Job map % reduce %,[]
296,2,main,21/12/25 20:33:49 INFO mapreduce.Job:  map 67% reduce 0%/n,5c255ec0,21 INFO mapreduce.Job map % reduce %,[]
297,2,main,21/12/25 20:33:55 INFO mapreduce.Job:  map 100% reduce 0%/n,5c255ec0,21 INFO mapreduce.Job map % reduce %,[]
298,2,main,21/12/25 20:33:58 INFO mapreduce.Job: Job job_1668496639954_6827 completed successfully/n/n/n,9fb1cd85,21 INFO mapreduce.Job Job job__ completed successfully,[]
299,2,main,[2019-01-11 15:00:13.1994] {DTA}[8.36.200.27 26]: display version/n,0015a174,[ .] ] <*> <*>,[]
300,2,main,"display version/nVersatile Routing Platform Software/nVRP (R) software, Version 9.220 (NE9000-20-LS V800R022C10)/nCopyright (C) 2011-2021 Technologies Co., Ltd./nNE9000-20 uptime is 2 day, 18 hours, 51 minutes/n/nNE9000-20-LS version information:/n---------------------------------------/nBKP version information:/nVMPU Slot Quantity: 9/nLPU Slot Quantity: 48/n---------------------------------------/nVMPU version information:/n/nVMPU (Master) 22: uptime is 5 day, 19 hours, 44 minutes/n Startup Time 2021/08/12 05:14:21/n SDRAM Memory Size :  12209 M bytes/n CFCARD Memory Size : 51251 M bytes/n VMPU CR9D0MPUQ180-VMPU version information:/n PCB  Version : VIRTUALMPU REV A/n/nVMPU (Master) 23: uptime is 8 day, 99 hours, 424 minutes/n Startup Time 2021/08/12 05:14:21/n SDRAM Memory Size :  12299 M bytes/n CFCARD Memory Size : 5125 M bytes/n VMPU CR9D0MPUQ180-VMPU version information:/n PCB  Version : VIRTUALMPU REV C/n---------------------------------------/nLPU version information:/n/nLPU 5: uptime is 2 day, 19 hours, 434 minutes/n  StartupTime 2021/08/12  10:41:55/n  Host processor:/n  SDRAM Memory Size  : 99898 M bytes/n  Flash Memory Size :256 M bytes/n  PCB  Version : VIRTUALMPU REV C /n  EPLD  Version : 1031/n  FPGA  Version : 1061/n  CHIP  Version : 1151/n  CHIP2  Version : 1151/n  FPGA  Version : 2101/n  FPGA2  Version : 2101/n  CHIP  Version : 0051/n  CHIP2  Version : 0051/n  Software Version: 121/n/nLPU 6: uptime is 2 day, 20 hours, 88 minutes/n  StartupTime 2021/08/12  10:41:55/n  Host processor:/n  SDRAM Memory Size  : 99897 M bytes/n  Flash Memory Size :256 M bytes/n  PCB  Version : VIRTUALMPU REV C /n  EPLD  Version : 103/n  FPGA  Version : 106/n  CHIP  Version : 115/n  CHIP2  Version : 115/n  FPGA  Version : 210/n  FPGA2  Version : 210/n  CHIP  Version : 0051/n  CHIP2  Version : 005/n  Software Version: 121/n/nLPU 17: uptime is 2 day, 20 hours, 84 minutes/n  StartupTime 2021/08/12  10:41:55/n  Host processor:/n  SDRAM Memory Size  : 99887 M bytes/n  Flash Memory Size :256 M bytes/n  PCB  Version : VIRTUALMPU REV C /n  EPLD  Version : 1031/n  FPGA  Version : 1061/n  CHIP  Version : 1151/n  CHIP2  Version : 1151/n  FPGA  Version : 2101/n  FPGA2  Version : 2101/n  CHIP  Version : 0051/n  CHIP2  Version : 0051/n  Software Version: 121/n/n",660711f0,display version Routing Platform Software (R) software Version . ( V800R022C10) (C) Technologies Co. Ltd. uptime is day hours minutes version information version information Slot Quantity Slot Quantity version information (Master) uptime is day hours minutes Startup Time SDRAM Memory Size M bytes CFCARD Memory Size M bytes VMPU CR9D0MPUQ180VMPU version information PCB Version VIRTUALMPU REV A (Master) uptime is day hours minutes Startup Time SDRAM Memory Size M bytes CFCARD Memory Size M bytes VMPU CR9D0MPUQ180VMPU version information PCB Version VIRTUALMPU REV C version information uptime is day hours minutes StartupTime Host processor SDRAM Memory Size M bytes Flash Memory Size M bytes PCB Version VIRTUALMPU REV C EPLD Version FPGA Version CHIP Version CHIP2 Version FPGA Version FPGA2 Version CHIP Version CHIP2 Version Software Version uptime is day hours minutes StartupTime Host processor SDRAM Memory Size M bytes Flash Memory Size M bytes PCB Version VIRTUALMPU REV C EPLD Version FPGA Version CHIP Version CHIP2 Version FPGA Version FPGA2 Version CHIP Version CHIP2 Version Software Version uptime is day hours minutes StartupTime Host processor SDRAM Memory Size M bytes Flash Memory Size M bytes PCB Version VIRTUALMPU REV C EPLD Version FPGA Version CHIP Version CHIP2 Version FPGA Version FPGA2 Version CHIP Version CHIP2 Version Software Version,[]
301,2,main,[2019-01-11 15:00:13.135] {DTA}[8.36.200.27 26]: display ip routing-table all-routes/n,d78e6f2d,[ .] ] display ip routingtable allroutes,[]
302,2,main,"display ip routing-table all-routes/nRoute Flags: R-relay, D-download to fib, T-to vpn-instanse, B-black hole route/n--------------------------------------------------------------------------------------/nRouting Table :_public_/n          Destinations: 19          Routes : 19/n/nDestination/Mask    Proto       Pre        Cost            Flags NextHop           Interface/n7.32.0.0/14               Direct      0              0               D 7.32.200.14            GigabitEthernet1/1/1/n7.32.0.0/24               Direct      0              0               D 7.32.200.14            GigabitEthernet1/1/1/n7.32.0.0/34               Direct      0              0               D 7.32.200.14            GigabitEthernet1/1/1/n7.32.0.0/14               Direct      0              0               D 7.32.200.14            InLoopBack1/n7.32.0.0/12               Direct      0              0               D 7.32.200.14            InLoopBack1/n7.32.0.0/13               Direct      0              0               D 7.32.200.14            InLoopBack1/n--------------------------------------------------------------------------------------/nRouting Table :_public_/n/n",475d5703,display ip routingtable allroutes Flags Rrelay Ddownload to fib Tto vpninstanse Bblack hole route Table _public_ Destinations Routes Proto Pre Cost Flags NextHop Interface Direct D GigabitEthernet1 Direct D GigabitEthernet1 Direct D GigabitEthernet1 Direct D InLoopBack1 Direct D InLoopBack1 Direct D InLoopBack1 Table _public_,[]
303,2,main,[2019-01-11 15:00:13.194] {DTA}[8.36.200.27 26]: display current-configuration/n,0015a174,[ .] ] <*> <*>,[]
304,2,main,display current-configuration/n!Software Version V908uu37797/n!Last configuration was updated at 2019-01-11 15:01:13/n!Last configuration was saved at 2019-01-11 15:01:13/n#/nsysname R234/n#/nservice-template template-default00/n#/nservice-template template-default01/n#/nservice-template template-default02/n#/nservice-template template-default03/n#/nservice-template template-default04/n#/nservice-template template-default05/n#/nservice-template template-default06/n#/nservice-template template-default07/n#/nservice-template template-default08/n#/nservice-template template-default09/n#/ndomain default/n#/ndomain 8oed/n#/nundo soc/n#/nccc/nlocal-user ne8809091 password hohuhu888/nlocal-user ne8809091 service-type/nlocal-user ne8809091 state active/n#/nautherntication-scheme default00/n#/nautherntication-scheme default01/n#/nautherntication-scheme default02/n#/ndomain default00/n#/ndomain default01/n#/ndomain default02/n#/nlicense/nactive port-basic slot 21 card 2 port 1-58/nactive port-evpn slot 21 card 2 port 1-58/nactive port-vxlan slot 21 card 2 port 1-58/nactive port-I3vpn slot 21 card 2 port 1-58/n#/ninterface GigabitEthernet9/0/0/nundo shutdown/nundo dcn/n#/ninterface GigabitEthernet9/0/1/nundo shutdown/nundo dcn/n#/ninterface GigabitEthernet9/0/2/nundo shutdown/nundo dcn/n#/ninterface GigabitEthernet9/0/3/nundo shutdown/nundo dcn/n#/ninterface GigabitEthernet9/0/4/nundo shutdown/nundo dcn/n#/ninterface GigabitEthernet9/0/5/nundo shutdown/nundo dcn/n#/ninterface 25GE5/0/0/nundo shutdown/nundo dcn/n#/ninterface 25GE5/0/1/nundo shutdown/nundo dcn/n#/ninterface 25GE5/0/2/nundo shutdown/nundo dcn/n#/ninterface 25GE5/0/3/nundo shutdown/nundo dcn/n#/ninterface 25GE5/0/4/nundo shutdown/nundo dcn/n#/ninterface 25GE5/0/5/nundo shutdown/nundo dcn/n#/ninterface Post5/0/0/nlink-protocol ppp/nundo shutdown/nundo dcn/n#/ninterface Post5/0/1/nlink-protocol ppp/nundo shutdown/nundo dcn/n#/ninterface Post5/0/2/nlink-protocol ppp/nundo shutdown/nundo dcn/n#/nssh user Admin System/nssh user Admin System rsa/nssh user Admin System service/nssh user Is3_System/nssh user Is3_System rsa/nssh user Is3_System service/n#/n/n,6c485c50,display currentconfiguration Version <*> configuration was updated at configuration was saved at <*> <*> <*> <*> <*> <*> <*> <*> <*> <*> <*> default 8oed soc <*> password <*> <*> servicetype <*> state active <*> <*> <*> <*> <*> <*> portbasic slot card port portevpn slot card port portvxlan slot card port portI3vpn slot card port <*> shutdown dcn <*> shutdown dcn <*> shutdown dcn <*> shutdown dcn <*> shutdown dcn <*> shutdown dcn 25GE5 shutdown dcn 25GE5 shutdown dcn 25GE5 shutdown dcn 25GE5 shutdown dcn 25GE5 shutdown dcn 25GE5 shutdown dcn Post5 ppp shutdown dcn Post5 ppp shutdown dcn Post5 ppp shutdown dcn user Admin System user Admin System rsa user Admin System service user Is3_System user Is3_System rsa user Is3_System service,[]
305,2,main,[2019-01-12 15:00:13.134] {DTA}[8.36.200.27 26]: system-view immediately/n,0015a174,[ .] ] <*> <*>,[]
306,2,main,"system-view immediately/nEnter system view, return user view with return command./n/n",4a53cbe7,systemview immediately system view return user view with return command.,[]
307,2,main,[2019-01-12 15:00:13.134] {DTA}[8.36.200.27 26]: user-interface con 11/n,0015a174,[ .] ] <*> <*>,[]
308,2,main,user-interface con 1/n/n,d05b9e60,userinterface con,[]
309,2,main,[2019-01-12 15:00:13.134] {DTA}[8.36.200.27 26]: user-interface con 21/n,0015a174,[ .] ] <*> <*>,[]
310,2,main,user-interface con 2/n/n,d05b9e60,userinterface con,[]
311,2,main,[2019-01-12 15:00:13.134] {DTA}[8.36.200.27 26]: user-interface aux 22/n,0015a174,[ .] ] <*> <*>,[]
312,2,main,user-interface aux 22/n         ^/nError: command found at '^' position./n/n,232f0f35,userinterface aux ^ command found at '^' position.,[]
313,2,main,[2019-01-11 15:00:13.134] {DTA}[8.36.200.27 26]: user-interface vyt 2 21/n,0015a174,[ .] ] <*> <*>,[]
314,2,main,user-interface vyt 2 21/n/n,da1eeba9,userinterface vyt,[]
315,2,main,[2019-01-11 15:00:13.134] {DTA}[8.36.200.27 26]: authentication-mode ccc/n,0015a174,[ .] ] <*> <*>,[]
316,2,main,authentication-mode ccc/n/n,d0e84f2a,authenticationmode <*>,[]
317,2,main,[2019-01-11 15:00:13.134] {DTA}[8.36.200.27 26]: user privilege level 49/n,9b1cf499,[ .] ] user privilege level,[]
318,2,main,user privilege level 49/n/n,5c24a592,user privilege level,[]
319,2,main,[2019-01-11 15:00:13.134] {DTA}[8.36.200.27 26]: idle-timeout 1  19/n,e4ed21c7,[ .] ] <*>,[]
320,2,main,idle-timeout 1  19/nWarning: idle-timeout is configured as 19/n/n,5fdcfc21,idletimeout idletimeout is configured as,[]
321,2,main,[2019-01-11 15:00:13.234] {DTA}[8.36.200.27 26]: screen-length 49/n,e4ed21c7,[ .] ] <*>,[]
322,2,main,screen-length 49/n/n,249217bc,screenlength,[]
323,2,main,[2019-01-11 15:00:13.134] {DTA}[8.36.200.27 26]: W/n,e4ed21c7,[ .] ] <*>,[]
324,2,main,W/n/n,61e9c06e,W,[]
325,2,main,[2019-01-11 15:00:13.134] {DTA}[8.36.200.27 26]: return/n,e4ed21c7,[ .] ] <*>,[]
326,2,main,return/n/n,e70c4df1,return,[]
327,2,main,[2019-03-11 15:00:13.134] {DTA}[8.36.200.27 26]: system-view immediately/n,0015a174,[ .] ] <*> <*>,[]
328,2,main,"system-view immediately/nEnter system view,return view with command/n/n",7c10e157,systemview immediately system view return view with command,[]
329,2,main,[2019-03-11 15:00:13.159] {DTA}[8.36.200.27 26]: system-view immediately/n,0015a174,[ .] ] <*> <*>,[]
330,2,main,"system-view immediately/nEnter system view,return view with command/n/n",7c10e157,systemview immediately system view return view with command,[]
331,2,main,[2019-03-11 15:00:13.359] {DTA}[8.36.200.27 26]: delete rui user all/n,4bcb4941,[ .] ] <*> <*> <*> <*>,[]
332,2,main,delete rui user all/n   ^/nError: command found at '^' position/n/n,ff83688c,delete rui user all ^ command found at '^' position,[]
333,2,main,[2019-03-11 15:00:13.659] {DTA}[8.36.200.27 26]: quit/n,e4ed21c7,[ .] ] <*>,[]
334,2,main,quit/n/n,dbd73c2b,quit,[]
335,2,main,[2019-03-11 15:00:13.759] {DTA}[8.36.200.27 26]: undo netconf/n,0015a174,[ .] ] <*> <*>,[]
336,2,main,undo netconf/n   ^/nError: command found at '^' position/n/n,97e0cd18,undo netconf ^ command found at '^' position,[]
337,2,main,[2019-03-11 15:00:13.659] {DTA}[8.36.200.27 26]: undo pki domain default/n,29fe8eaa,[ .] ] undo pki domain default,[]
338,2,main,undo pki domain default/nError: Illegal to delete PKI undo netconf/n/n,3c1b7e9e,undo pki domain default Illegal to delete PKI undo netconf,[]
339,2,main,[2019-03-11 15:00:13.150] {DTA}[8.36.200.27 26]: undo ssh client/n,8ec20a70,[ .] ] undo <*> <*>,[]
340,2,main,undo ssh client/n   ^/nError: Too many parameters found at '^' position/n/n,6a346ae0,undo ssh client ^ Too many parameters found at '^' position,[]
341,2,main,[2019-03-11 15:00:13.161] {DTA}[8.36.200.27 126]: undo ssh client key-exchange/n,4bcb4941,[ .] ] <*> <*> <*> <*>,[]
342,2,main,undo ssh client key-exchange/n   ^/nError: Too many parameters found at '^' position/n/n,d01698ef,undo ssh client <*> ^ Too many parameters found at '^' position,[]
343,2,main,[2019-03-11 15:00:13.162] {DTA}[8.36.200.27 226]: undo ssh client hmac/n,4bcb4941,[ .] ] <*> <*> <*> <*>,[]
344,2,main,undo ssh client hmac/n   ^/nError: Too many parameters found at '^' position/n/n,d01698ef,undo ssh client <*> ^ Too many parameters found at '^' position,[]
345,2,main,[2019-03-11 15:00:13.171] {DTA}[8.36.200.27 236]: undo ssh client hmac sha2/n,75b1c227,[ .] ] undo ssh <*> <*> <*>,[]
346,2,main,undo ssh client hmac sha2/n   ^/nError: Too many parameters found at '^' position/n/n,da9c4aee,undo ssh client hmac <*> ^ Too many parameters found at '^' position,[]
347,2,main,[2019-03-11 15:00:13.181] {DTA}[8.36.200.27 216]: undo ssh client hmac sha2_1268/n,75b1c227,[ .] ] undo ssh <*> <*> <*>,[]
348,2,main,undo ssh client hmac sha2_1268/n   ^/nError: Too many parameters found at '^' position/n/n,da9c4aee,undo ssh client hmac <*> ^ Too many parameters found at '^' position,[]
349,2,main,[2019-03-11 15:00:13.191] {DTA}[8.36.200.27 246]: undo ssh user system/n,4bcb4941,[ .] ] <*> <*> <*> <*>,[]
350,2,main,undo ssh user system/nError: The configue is invalid/n/n,2d7cca10,undo ssh user system The configue is invalid,[]
351,2,main,[2019-03-11 15:00:13.158] {DTA}[8.36.200.27 236]: undo ssh user Admin system/n,75b1c227,[ .] ] undo ssh <*> <*> <*>,[]
352,2,main,undo ssh user Admin system/nError: The configue is invalid/n/n,978909a9,undo ssh user Admin system The configue is invalid,[]
353,2,main,[2019-03-11 15:00:13.169] {DTA}[8.36.200.27 216]: undo ip vpn-instance/n,8ec20a70,[ .] ] undo <*> <*>,[]
354,2,main,undo ip vpn-instance/nError: Deleting the vpn-instance is not allowed./n/n,4c6c9125,undo ip vpninstance Deleting the vpninstance is not allowed.,[]
355,2,main,[2019-03-11 15:00:13.179] {DTA}[8.36.200.27 226]: undo ntp-service server/n,8ec20a70,[ .] ] undo <*> <*>,[]
356,2,main,undo ntp-service server/n   ^/nError: Wrong parameter found at '^' position/n/n,ed06d0d7,undo <*> <*> ^ <*> <*> found at '^' position,[]
357,2,main,[2019-03-11 15:00:13.199] {DTA}[8.36.200.27 226]: undo service-template default 5/n,8ec20a70,[ .] ] undo <*> <*>,[]
358,2,main,undo service-template default 5/nError: System defined service-template default 5 can not be deleted by user./n/n,6b1376e2,undo servicetemplate default System defined servicetemplate default can not be deleted by user.,[]
359,2,main,[2019-03-11 15:00:13.199] {DTA}[8.36.200.27 226]: undo service-template default 6/n,8ec20a70,[ .] ] undo <*> <*>,[]
360,2,main,undo service-template default 6/nError: System defined service-template default 6 can not be deleted by user./n/n,6b1376e2,undo servicetemplate default System defined servicetemplate default can not be deleted by user.,[]
361,2,main,[2019-03-11 15:00:13.199] {DTA}[8.36.200.27 226]: undo service-template default 7/n,8ec20a70,[ .] ] undo <*> <*>,[]
362,2,main,undo service-template default 7/nError: System defined service-template default 7 can not be deleted by user./n/n,6b1376e2,undo servicetemplate default System defined servicetemplate default can not be deleted by user.,[]
363,2,main,[2019-03-11 15:00:13.179] {DTA}[8.36.200.27 261]: undo set neid 789874/n,8ec20a70,[ .] ] undo <*> <*>,[]
364,2,main,undo set neid 789874/n   ^/nError: Unrecognized command found at '^' position/n/n,ed06d0d7,undo <*> <*> ^ <*> <*> found at '^' position,[]
365,2,main,[2019-03-11 15:00:13.169] {DTA}[8.36.200.27 269]: display current-configuration/n,0015a174,[ .] ] <*> <*>,[]
366,2,main,display current-configuration/n! Last configuration was updated at 2019-05-11 15:00:13/n! Last configuration was saved at 2019-05-11 15:00:13/n#/nsysname T789/n#/nset neid 7878/n#/nservice-template template-default 05/n#/nservice-template template-default 06/n#/nservice-template template-default 07/n#/nservice-template template-default 08/n#/nservice-template template-default 09/n#license/nactive port-basic slot 39 card 11-48/nactive port-evpn slot 39 card 11-48/nactive port-vxlan slot 39 card 11-48/nactive port-srv slot 39 card 11-48/n#/ninterface GigabitEthernet6/0/45/nundo shutdown/nundo dcn/n#/ninterface GigabitEthernet6/0/46/nundo shutdown/nundo dcn/n#/ninterface GigabitEthernet6/0/47/nundo shutdown/nundo dcn/n#/ninterface GigabitEthernet6/0/48/nundo shutdown/nundo dcn/n#/ninterface GigabitEthernet6/0/49/nundo shutdown/nundo dcn/n#/ninterface GigabitEthernet6/0/55/nundo shutdown/nundo dcn/n#/ninterface GigabitEthernet7/0/45/nundo shutdown/nundo dcn/n#/ninterface GigabitEthernet8/0/45/nundo shutdown/nundo dcn/n#/ninterface GigabitEthernet9/0/45/nundo shutdown/nundo dcn/n#/ninterface 29GE6/0/45/nundo shutdown/nundo dcn/n#/ninterface 29GE9/0/33/nundo shutdown/nundo dcn/n#/ninterface 29GE2/0/46/nundo shutdown/nundo dcn/n#/ninterface 29GE2/0/35/nundo shutdown/nundo dcn/n#/ninterface 29GE2/0/12/nundo shutdown/nundo dcn/n#/ninterface 29GE7/0/45/nundo shutdown/nundo dcn/n#/ninterface 29GE8/0/45/nundo shutdown/nundo dcn/n#/ninterface 29GE8/0/45/nundo shutdown/nundo dcn/n#/ninterface 29GE9/0/45/nundo shutdown/nundo dcn/n#/ninterface 29GE15/0/45/nundo shutdown/nundo dcn/n#/ninterface Post15/0/45/nlink-protocol ggg/nundo shutdown/nundo dcn/n#/ninterface Post16/0/45/nlink-protocol ggg/nundo shutdown/nundo dcn/n#/ninterface Post17/0/45/nlink-protocol ggg/nundo shutdown/nundo dcn/n#/ninterface Post18/0/45/nlink-protocol ggg/nundo shutdown/nundo dcn/n#/ninterface Post19/0/45/nlink-protocol ggg/nundo shutdown/nundo dcn/n#/ninterface Post25/0/45/nlink-protocol ggg/nundo shutdown/nundo dcn/n/n,3a177f29,display currentconfiguration Last configuration was updated at Last configuration was saved at <*> neid templatedefault templatedefault templatedefault templatedefault templatedefault portbasic slot card portevpn slot card portvxlan slot card portsrv slot card <*> shutdown dcn <*> shutdown dcn <*> shutdown dcn <*> shutdown dcn <*> shutdown dcn GigabitEthernet6 shutdown dcn GigabitEthernet7 shutdown dcn GigabitEthernet8 shutdown dcn GigabitEthernet9 shutdown dcn <*> shutdown dcn <*> shutdown dcn <*> shutdown dcn <*> shutdown dcn <*> shutdown dcn <*> shutdown dcn <*> shutdown dcn 29GE8 shutdown dcn 29GE9 shutdown dcn 29GE15 shutdown dcn Post15 <*> shutdown dcn Post16 <*> shutdown dcn Post17 <*> shutdown dcn Post18 <*> shutdown dcn Post19 <*> shutdown dcn Post25 <*> shutdown dcn,[]
367,2,main,[2019-03-11 15:00:13.159] {DTA}[8.36.200.27 27]: delete rui user all/n,4bcb4941,[ .] ] <*> <*> <*> <*>,[]
368,2,main,delete rui user all/n   ^/nError: Unrecognized command found at '^' position/n/n,c998a6b9,<*> <*> <*> <*> <*> <*> command found at '^' position,[]
369,2,main,[2019-03-11 15:00:13.190] {DTA}[8.36.200.27 27]: quit/n,e4ed21c7,[ .] ] <*>,[]
370,2,main,quit/n/n,dbd73c2b,quit,[]
371,2,main,[2019-03-11 15:00:13.192] {DTA}[8.36.200.27 27]: delete rui user all/n,4bcb4941,[ .] ] <*> <*> <*> <*>,[]
372,2,main,delete rui user all/n   ^/nError: Unrecognized command found at '^' position/n/n,c998a6b9,<*> <*> <*> <*> <*> <*> command found at '^' position,[]
373,2,main,[2019-03-11 15:00:13.193] {DTA}[8.36.200.27 27]: delete rui user all/n,4bcb4941,[ .] ] <*> <*> <*> <*>,[]
374,2,main,delete rui user all/n   ^/nError: Unrecognized command found at '^' position/n/n,c998a6b9,<*> <*> <*> <*> <*> <*> command found at '^' position,[]
375,2,main,[2019-03-11 15:00:13.160] {DTA}[8.36.200.27 27]: interface Pos 81/4/0/n,0015a174,[ .] ] <*> <*>,[]
376,2,main,interface Pos 81/4/0/n/n,7c8fe369,interface Pos,[]
377,2,main,[2019-03-11 15:00:13.162] {DTA}[8.36.200.27 27]: interface Pos 91/4/0/n,0015a174,[ .] ] <*> <*>,[]
378,2,main,interface Pos 91/4/0/n/n,7c8fe369,interface Pos,[]
379,2,main,[2019-03-11 15:00:13.164] {DTA}[8.36.200.27 27]: interface Pos 61/4/0/n,0015a174,[ .] ] <*> <*>,[]
380,2,main,interface Pos 61/4/0/n		/n,7c8fe369,interface Pos,[]
381,2,main,[2019-03-11 15:00:13.164] {DTA}[8.36.200.27 27]: display clock/n,0015a174,[ .] ] <*> <*>,[]
382,2,main,display clock/n                         total        used        free             shared    buff/cache   available/nMem:        8010172      627052     6692808        8624      690232     7066364/nSwap:       8388604           2     8388604,758c2116,display clock total used free shared buff available,[]
